-- phpMyAdmin SQL Dump
-- version 5.2.1
-- https://www.phpmyadmin.net/
--
-- Host: 127.0.0.1
-- Generation Time: Mar 12, 2025 at 11:11 AM
-- Server version: 10.4.28-MariaDB
-- PHP Version: 8.2.4

SET SQL_MODE = "NO_AUTO_VALUE_ON_ZERO";
START TRANSACTION;
SET time_zone = "+00:00";


/*!40101 SET @OLD_CHARACTER_SET_CLIENT=@@CHARACTER_SET_CLIENT */;
/*!40101 SET @OLD_CHARACTER_SET_RESULTS=@@CHARACTER_SET_RESULTS */;
/*!40101 SET @OLD_COLLATION_CONNECTION=@@COLLATION_CONNECTION */;
/*!40101 SET NAMES utf8mb4 */;

--
-- Database: `apartment_monitoring`
--

-- --------------------------------------------------------

--
-- Table structure for table `maintenance_requests`
--

CREATE TABLE `maintenance_requests` (
  `id` int(11) NOT NULL,
  `tenant_id` int(11) NOT NULL,
  `room_number` varchar(10) NOT NULL,
  `description` text NOT NULL,
  `reason` varchar(255) NOT NULL,
  `status` varchar(50) NOT NULL,
  `date_resolved` datetime DEFAULT NULL,
  `created_at` timestamp NOT NULL DEFAULT current_timestamp()
) ENGINE=InnoDB DEFAULT CHARSET=utf8mb4 COLLATE=utf8mb4_general_ci;

--
-- Dumping data for table `maintenance_requests`
--

INSERT INTO `maintenance_requests` (`id`, `tenant_id`, `room_number`, `description`, `reason`, `status`, `date_resolved`, `created_at`) VALUES
(1, 1, '', 'sigma boy', 'Heating Issue', 'resolved', '2025-03-05 15:51:47', '2025-03-05 15:05:15'),
(2, 1, '', 'sigma boy', 'Heating Issue', 'resolved', '2025-03-05 15:52:02', '2025-03-05 15:05:15'),
(3, 3, '', 'asddasasd', 'Plumbing Issue', 'resolved', '2025-03-05 16:52:21', '2025-03-05 15:51:56'),
(4, 3, '110', 'sdaasdsadasd', 'Plumbing Issue', 'resolved', '2025-03-05 17:13:59', '2025-03-05 16:05:18'),
(5, 1, '', 'skibidi', 'Other', 'Pending', NULL, '2025-03-05 17:26:57'),
(6, 3, '', 'sigma boy aaaaaa', 'Heating Issue', 'resolved', '2025-03-06 06:11:25', '2025-03-06 05:11:11'),
(7, 3, '110', 'nig', 'Plumbing Issue', 'Pending', NULL, '2025-03-06 05:19:22'),
(8, 4, '120', 'nasunog kalan namin', 'Appliance Issue', 'resolved', '2025-03-06 06:42:03', '2025-03-06 05:40:50');

-- --------------------------------------------------------

--
-- Table structure for table `payments`
--

CREATE TABLE `payments` (
  `id` int(11) NOT NULL,
  `tenant_id` int(11) NOT NULL,
  `amount` decimal(10,2) NOT NULL,
  `date_approved` date NOT NULL,
  `status` varchar(50) NOT NULL,
  `due_date` date NOT NULL
) ENGINE=InnoDB DEFAULT CHARSET=utf8mb4 COLLATE=utf8mb4_general_ci;

--
-- Dumping data for table `payments`
--

INSERT INTO `payments` (`id`, `tenant_id`, `amount`, `date_approved`, `status`, `due_date`) VALUES
(1, 4, 8705.00, '2025-03-05', 'paid', '2025-04-05'),
(2, 5, 8705.00, '2025-03-05', 'paid', '2025-04-05'),
(3, 6, 7477.00, '2025-03-05', 'paid', '2025-04-05'),
(4, 7, 7477.00, '2025-03-05', 'paid', '2025-04-05'),
(5, 8, 7477.00, '2025-03-05', 'paid', '2025-04-05'),
(6, 9, 7477.00, '2025-03-05', 'paid', '2025-04-05'),
(7, 10, 7477.00, '2025-03-05', 'paid', '2025-04-05'),
(8, 11, 7477.00, '2025-03-05', 'not paid', '2025-04-05'),
(9, 12, 7477.00, '2025-03-05', 'not paid', '2025-04-05'),
(10, 13, 7477.00, '2025-03-05', 'not paid', '2025-04-05'),
(11, 14, 7477.00, '2025-03-05', 'not paid', '2025-04-05'),
(12, 15, 7477.00, '2025-03-05', 'not paid', '2025-04-05'),
(13, 16, 7477.00, '2025-03-05', 'not paid', '2025-04-05'),
(14, 17, 7477.00, '2025-03-05', 'not paid', '2025-04-05'),
(15, 18, 7477.00, '2025-03-05', 'not paid', '2025-04-05'),
(16, 19, 7477.00, '2025-03-05', 'not paid', '2025-04-05'),
(17, 20, 7477.00, '2025-03-05', 'not paid', '2025-04-05'),
(18, 21, 7477.00, '2025-03-05', 'not paid', '2025-04-05'),
(19, 22, 7477.00, '2025-03-05', 'not paid', '2025-04-05'),
(20, 23, 7477.00, '2025-03-05', 'not paid', '2025-04-05'),
(21, 24, 7477.00, '2025-03-05', 'not paid', '2025-04-05'),
(22, 25, 7477.00, '2025-03-05', 'not paid', '2025-04-05'),
(23, 26, 7477.00, '2025-03-05', 'not paid', '2025-04-05'),
(24, 27, 7477.00, '2025-03-05', 'not paid', '2025-04-05'),
(25, 28, 7477.00, '2025-03-05', 'not paid', '2025-04-05'),
(26, 29, 7477.00, '2025-03-05', 'not paid', '2025-04-05'),
(27, 30, 7477.00, '2025-03-05', 'not paid', '2025-04-05'),
(28, 31, 7477.00, '2025-03-05', 'not paid', '2025-04-05'),
(29, 32, 7477.00, '2025-03-05', 'not paid', '2025-04-05'),
(30, 33, 7477.00, '2025-03-05', 'not paid', '2025-04-05'),
(31, 34, 7477.00, '2025-03-05', 'not paid', '2025-04-05'),
(32, 35, 7477.00, '2025-03-05', 'not paid', '2025-04-05'),
(33, 36, 7477.00, '2025-03-05', 'not paid', '2025-04-05'),
(34, 37, 7477.00, '2025-03-05', 'not paid', '2025-04-05'),
(35, 38, 7477.00, '2025-03-05', 'not paid', '2025-04-05'),
(36, 39, 7477.00, '2025-03-05', 'not paid', '2025-04-05'),
(37, 40, 7477.00, '2025-03-05', 'not paid', '2025-04-05'),
(38, 41, 7477.00, '2025-03-05', 'not paid', '2025-04-05'),
(39, 42, 7477.00, '2025-03-05', 'not paid', '2025-04-05'),
(40, 43, 7477.00, '2025-03-05', 'not paid', '2025-04-05'),
(41, 44, 7477.00, '2025-03-05', 'not paid', '2025-04-05'),
(42, 45, 7477.00, '2025-03-05', 'not paid', '2025-04-05'),
(43, 46, 7477.00, '2025-03-05', 'not paid', '2025-04-05'),
(44, 47, 7477.00, '2025-03-05', 'not paid', '2025-04-05'),
(45, 48, 7477.00, '2025-03-05', 'not paid', '2025-04-05'),
(46, 49, 7477.00, '2025-03-05', 'not paid', '2025-04-05'),
(47, 50, 7477.00, '2025-03-05', 'not paid', '2025-04-05'),
(48, 51, 7477.00, '2025-03-05', 'not paid', '2025-04-05'),
(49, 52, 7477.00, '2025-03-05', 'not paid', '2025-04-05'),
(50, 53, 7477.00, '2025-03-05', 'not paid', '2025-04-05'),
(51, 54, 7477.00, '2025-03-05', 'not paid', '2025-04-05'),
(52, 55, 7477.00, '2025-03-05', 'not paid', '2025-04-05'),
(53, 56, 7477.00, '2025-03-05', 'not paid', '2025-04-05'),
(54, 57, 7477.00, '2025-03-05', 'not paid', '2025-04-05'),
(55, 58, 7477.00, '2025-03-05', 'not paid', '2025-04-05'),
(56, 59, 7477.00, '2025-03-05', 'not paid', '2025-04-05'),
(57, 60, 7477.00, '2025-03-05', 'not paid', '2025-04-05'),
(58, 61, 7477.00, '2025-03-05', 'not paid', '2025-04-05'),
(59, 62, 7477.00, '2025-03-05', 'not paid', '2025-04-05'),
(60, 63, 7477.00, '2025-03-05', 'not paid', '2025-04-05'),
(61, 64, 7477.00, '2025-03-05', 'not paid', '2025-04-05'),
(62, 65, 7477.00, '2025-03-05', 'not paid', '2025-04-05'),
(63, 66, 7477.00, '2025-03-05', 'not paid', '2025-04-05'),
(64, 67, 7477.00, '2025-03-05', 'not paid', '2025-04-05'),
(65, 68, 7477.00, '2025-03-05', 'not paid', '2025-04-05'),
(66, 69, 7477.00, '2025-03-05', 'not paid', '2025-04-05'),
(67, 70, 7477.00, '2025-03-05', 'not paid', '2025-04-05'),
(68, 71, 7477.00, '2025-03-05', 'not paid', '2025-04-05'),
(69, 72, 7477.00, '2025-03-05', 'not paid', '2025-04-05'),
(70, 73, 7477.00, '2025-03-05', 'not paid', '2025-04-05'),
(71, 74, 7477.00, '2025-03-05', 'not paid', '2025-04-05'),
(72, 75, 7477.00, '2025-03-05', 'not paid', '2025-04-05'),
(73, 76, 7477.00, '2025-03-05', 'not paid', '2025-04-05'),
(74, 77, 7477.00, '2025-03-05', 'not paid', '2025-04-05'),
(75, 78, 7477.00, '2025-03-05', 'not paid', '2025-04-05'),
(76, 79, 7477.00, '2025-03-05', 'not paid', '2025-04-05'),
(77, 80, 7477.00, '2025-03-05', 'not paid', '2025-04-05'),
(78, 81, 7477.00, '2025-03-05', 'not paid', '2025-04-05'),
(79, 82, 7477.00, '2025-03-05', 'not paid', '2025-04-05'),
(80, 83, 7477.00, '2025-03-05', 'not paid', '2025-04-05'),
(81, 84, 7477.00, '2025-03-05', 'not paid', '2025-04-05'),
(82, 85, 7477.00, '2025-03-05', 'not paid', '2025-04-05'),
(83, 86, 7477.00, '2025-03-05', 'not paid', '2025-04-05'),
(84, 87, 7477.00, '2025-03-05', 'not paid', '2025-04-05'),
(85, 88, 7477.00, '2025-03-05', 'not paid', '2025-04-05'),
(86, 89, 7477.00, '2025-03-05', 'not paid', '2025-04-05'),
(87, 90, 7477.00, '2025-03-05', 'not paid', '2025-04-05'),
(88, 91, 7477.00, '2025-03-05', 'not paid', '2025-04-05'),
(89, 92, 7477.00, '2025-03-05', 'not paid', '2025-04-05'),
(90, 93, 7477.00, '2025-03-05', 'not paid', '2025-04-05'),
(91, 94, 7477.00, '2025-03-05', 'not paid', '2025-04-05'),
(92, 95, 7477.00, '2025-03-05', 'not paid', '2025-04-05'),
(93, 96, 7477.00, '2025-03-05', 'not paid', '2025-04-05'),
(94, 97, 7477.00, '2025-03-05', 'not paid', '2025-04-05'),
(95, 98, 7477.00, '2025-03-05', 'not paid', '2025-04-05'),
(96, 99, 7477.00, '2025-03-05', 'not paid', '2025-04-05'),
(97, 100, 7477.00, '2025-03-05', 'not paid', '2025-04-05'),
(98, 101, 7477.00, '2025-03-05', 'not paid', '2025-04-05'),
(99, 102, 7477.00, '2025-03-05', 'not paid', '2025-04-05'),
(100, 103, 7477.00, '2025-03-05', 'not paid', '2025-04-05'),
(101, 104, 7477.00, '2025-03-05', 'not paid', '2025-04-05'),
(102, 105, 7477.00, '2025-03-05', 'not paid', '2025-04-05'),
(103, 106, 7477.00, '2025-03-05', 'not paid', '2025-04-05'),
(104, 107, 7477.00, '2025-03-05', 'not paid', '2025-04-05'),
(105, 108, 7477.00, '2025-03-05', 'not paid', '2025-04-05'),
(106, 109, 7477.00, '2025-03-05', 'not paid', '2025-04-05'),
(107, 110, 7477.00, '2025-03-05', 'not paid', '2025-04-05'),
(108, 111, 7477.00, '2025-03-05', 'not paid', '2025-04-05'),
(109, 112, 7477.00, '2025-03-05', 'not paid', '2025-04-05'),
(110, 113, 7477.00, '2025-03-05', 'not paid', '2025-04-05'),
(111, 114, 7477.00, '2025-03-05', 'not paid', '2025-04-05'),
(112, 115, 7477.00, '2025-03-05', 'not paid', '2025-04-05'),
(113, 116, 7477.00, '2025-03-05', 'not paid', '2025-04-05'),
(114, 117, 7477.00, '2025-03-05', 'not paid', '2025-04-05'),
(115, 118, 7477.00, '2025-03-05', 'not paid', '2025-04-05'),
(116, 119, 7477.00, '2025-03-05', 'not paid', '2025-04-05'),
(117, 120, 7477.00, '2025-03-05', 'not paid', '2025-04-05'),
(118, 121, 7477.00, '2025-03-05', 'not paid', '2025-04-05'),
(119, 122, 7477.00, '2025-03-05', 'not paid', '2025-04-05'),
(120, 123, 7477.00, '2025-03-05', 'not paid', '2025-04-05'),
(121, 124, 7477.00, '2025-03-05', 'not paid', '2025-04-05'),
(122, 125, 7477.00, '2025-03-05', 'not paid', '2025-04-05'),
(123, 126, 7477.00, '2025-03-05', 'not paid', '2025-04-05'),
(124, 127, 7477.00, '2025-03-05', 'not paid', '2025-04-05'),
(125, 128, 7477.00, '2025-03-05', 'not paid', '2025-04-05'),
(126, 129, 7477.00, '2025-03-05', 'not paid', '2025-04-05'),
(127, 130, 7477.00, '2025-03-05', 'not paid', '2025-04-05'),
(128, 131, 7477.00, '2025-03-05', 'not paid', '2025-04-05'),
(129, 132, 7477.00, '2025-03-05', 'not paid', '2025-04-05'),
(130, 133, 7477.00, '2025-03-05', 'not paid', '2025-04-05'),
(131, 134, 7477.00, '2025-03-05', 'not paid', '2025-04-05'),
(132, 135, 7477.00, '2025-03-05', 'not paid', '2025-04-05'),
(133, 136, 7477.00, '2025-03-05', 'not paid', '2025-04-05'),
(134, 137, 7477.00, '2025-03-05', 'not paid', '2025-04-05'),
(135, 138, 7477.00, '2025-03-05', 'not paid', '2025-04-05'),
(136, 139, 7477.00, '2025-03-05', 'not paid', '2025-04-05'),
(137, 140, 7477.00, '2025-03-05', 'not paid', '2025-04-05'),
(138, 141, 7477.00, '2025-03-05', 'not paid', '2025-04-05'),
(139, 142, 7477.00, '2025-03-05', 'not paid', '2025-04-05'),
(140, 143, 7477.00, '2025-03-05', 'not paid', '2025-04-05'),
(141, 144, 7477.00, '2025-03-05', 'not paid', '2025-04-05'),
(142, 145, 7477.00, '2025-03-05', 'not paid', '2025-04-05'),
(143, 146, 7477.00, '2025-03-05', 'not paid', '2025-04-05'),
(144, 147, 7477.00, '2025-03-05', 'not paid', '2025-04-05'),
(145, 148, 7477.00, '2025-03-05', 'not paid', '2025-04-05'),
(146, 149, 7477.00, '2025-03-05', 'not paid', '2025-04-05'),
(147, 150, 7477.00, '2025-03-05', 'not paid', '2025-04-05'),
(148, 151, 7477.00, '2025-03-05', 'not paid', '2025-04-05'),
(149, 152, 7477.00, '2025-03-05', 'not paid', '2025-04-05'),
(150, 153, 7477.00, '2025-03-05', 'not paid', '2025-04-05'),
(151, 154, 7477.00, '2025-03-05', 'not paid', '2025-04-05'),
(152, 155, 7477.00, '2025-03-05', 'not paid', '2025-04-05'),
(153, 156, 7477.00, '2025-03-05', 'not paid', '2025-04-05'),
(154, 157, 7477.00, '2025-03-05', 'not paid', '2025-04-05'),
(155, 158, 7477.00, '2025-03-05', 'not paid', '2025-04-05'),
(156, 159, 7477.00, '2025-03-05', 'not paid', '2025-04-05'),
(157, 160, 7477.00, '2025-03-05', 'not paid', '2025-04-05'),
(158, 161, 7477.00, '2025-03-05', 'not paid', '2025-04-05'),
(159, 162, 7477.00, '2025-03-05', 'not paid', '2025-04-05'),
(160, 163, 7477.00, '2025-03-05', 'not paid', '2025-04-05'),
(161, 164, 7477.00, '2025-03-05', 'not paid', '2025-04-05'),
(162, 165, 7477.00, '2025-03-05', 'not paid', '2025-04-05'),
(163, 166, 7477.00, '2025-03-05', 'not paid', '2025-04-05'),
(164, 167, 7477.00, '2025-03-05', 'not paid', '2025-04-05'),
(165, 168, 7477.00, '2025-03-05', 'not paid', '2025-04-05'),
(166, 169, 7477.00, '2025-03-05', 'not paid', '2025-04-05'),
(167, 170, 7477.00, '2025-03-05', 'not paid', '2025-04-05'),
(168, 171, 7477.00, '2025-03-05', 'not paid', '2025-04-05'),
(169, 172, 7477.00, '2025-03-05', 'not paid', '2025-04-05'),
(170, 173, 7477.00, '2025-03-05', 'not paid', '2025-04-05'),
(171, 174, 7477.00, '2025-03-05', 'not paid', '2025-04-05'),
(172, 175, 7477.00, '2025-03-05', 'not paid', '2025-04-05'),
(173, 176, 7477.00, '2025-03-05', 'not paid', '2025-04-05'),
(174, 177, 7477.00, '2025-03-05', 'not paid', '2025-04-05'),
(175, 178, 7477.00, '2025-03-05', 'not paid', '2025-04-05'),
(176, 179, 7477.00, '2025-03-05', 'not paid', '2025-04-05'),
(177, 180, 7477.00, '2025-03-05', 'not paid', '2025-04-05'),
(178, 181, 7477.00, '2025-03-05', 'not paid', '2025-04-05'),
(179, 182, 7477.00, '2025-03-05', 'not paid', '2025-04-05'),
(180, 183, 7477.00, '2025-03-05', 'not paid', '2025-04-05'),
(181, 184, 7477.00, '2025-03-05', 'not paid', '2025-04-05'),
(182, 185, 7477.00, '2025-03-05', 'not paid', '2025-04-05'),
(183, 186, 7477.00, '2025-03-05', 'not paid', '2025-04-05'),
(184, 187, 7477.00, '2025-03-05', 'not paid', '2025-04-05'),
(185, 188, 7477.00, '2025-03-05', 'not paid', '2025-04-05'),
(186, 189, 7477.00, '2025-03-05', 'not paid', '2025-04-05'),
(187, 190, 7477.00, '2025-03-05', 'not paid', '2025-04-05'),
(188, 191, 7477.00, '2025-03-05', 'not paid', '2025-04-05'),
(189, 192, 7477.00, '2025-03-05', 'not paid', '2025-04-05'),
(190, 193, 7477.00, '2025-03-05', 'not paid', '2025-04-05'),
(191, 194, 7477.00, '2025-03-05', 'not paid', '2025-04-05'),
(192, 195, 7477.00, '2025-03-05', 'not paid', '2025-04-05'),
(193, 196, 7477.00, '2025-03-05', 'not paid', '2025-04-05'),
(194, 197, 7477.00, '2025-03-05', 'not paid', '2025-04-05'),
(195, 198, 7477.00, '2025-03-05', 'not paid', '2025-04-05'),
(196, 199, 7477.00, '2025-03-05', 'not paid', '2025-04-05'),
(197, 200, 7477.00, '2025-03-05', 'not paid', '2025-04-05'),
(198, 201, 7477.00, '2025-03-05', 'not paid', '2025-04-05'),
(199, 202, 7477.00, '2025-03-05', 'not paid', '2025-04-05'),
(200, 203, 7477.00, '2025-03-05', 'not paid', '2025-04-05'),
(201, 204, 7477.00, '2025-03-05', 'not paid', '2025-04-05'),
(202, 205, 7477.00, '2025-03-05', 'not paid', '2025-04-05'),
(203, 206, 7477.00, '2025-03-05', 'not paid', '2025-04-05'),
(204, 207, 7477.00, '2025-03-05', 'not paid', '2025-04-05'),
(205, 208, 7477.00, '2025-03-05', 'not paid', '2025-04-05'),
(206, 209, 7477.00, '2025-03-05', 'not paid', '2025-04-05'),
(207, 210, 7477.00, '2025-03-05', 'not paid', '2025-04-05'),
(208, 211, 7477.00, '2025-03-05', 'not paid', '2025-04-05'),
(209, 212, 7477.00, '2025-03-05', 'not paid', '2025-04-05'),
(210, 213, 7477.00, '2025-03-05', 'not paid', '2025-04-05'),
(211, 214, 7477.00, '2025-03-05', 'not paid', '2025-04-05'),
(212, 215, 7477.00, '2025-03-05', 'not paid', '2025-04-05'),
(213, 216, 7477.00, '2025-03-05', 'not paid', '2025-04-05'),
(214, 217, 7477.00, '2025-03-05', 'not paid', '2025-04-05'),
(215, 218, 7477.00, '2025-03-05', 'not paid', '2025-04-05'),
(216, 219, 7477.00, '2025-03-05', 'not paid', '2025-04-05'),
(217, 220, 7477.00, '2025-03-05', 'not paid', '2025-04-05'),
(218, 221, 7477.00, '2025-03-05', 'not paid', '2025-04-05'),
(219, 222, 7477.00, '2025-03-05', 'not paid', '2025-04-05'),
(220, 223, 7477.00, '2025-03-05', 'not paid', '2025-04-05'),
(221, 224, 7477.00, '2025-03-05', 'not paid', '2025-04-05'),
(222, 225, 7477.00, '2025-03-05', 'not paid', '2025-04-05'),
(223, 226, 7477.00, '2025-03-05', 'not paid', '2025-04-05'),
(224, 227, 7477.00, '2025-03-05', 'not paid', '2025-04-05'),
(225, 228, 7477.00, '2025-03-05', 'not paid', '2025-04-05'),
(226, 229, 7477.00, '2025-03-05', 'not paid', '2025-04-05'),
(227, 230, 7477.00, '2025-03-05', 'not paid', '2025-04-05'),
(228, 231, 7477.00, '2025-03-05', 'not paid', '2025-04-05'),
(229, 232, 7477.00, '2025-03-05', 'not paid', '2025-04-05'),
(230, 233, 7477.00, '2025-03-05', 'not paid', '2025-04-05'),
(231, 234, 7477.00, '2025-03-05', 'not paid', '2025-04-05'),
(232, 235, 7477.00, '2025-03-05', 'not paid', '2025-04-05'),
(233, 236, 7477.00, '2025-03-05', 'not paid', '2025-04-05'),
(234, 237, 7477.00, '2025-03-05', 'not paid', '2025-04-05'),
(235, 238, 7477.00, '2025-03-05', 'not paid', '2025-04-05'),
(236, 239, 7477.00, '2025-03-05', 'not paid', '2025-04-05'),
(237, 240, 7477.00, '2025-03-05', 'not paid', '2025-04-05'),
(238, 241, 7477.00, '2025-03-05', 'not paid', '2025-04-05'),
(239, 242, 7477.00, '2025-03-05', 'not paid', '2025-04-05'),
(240, 243, 7477.00, '2025-03-05', 'not paid', '2025-04-05'),
(241, 244, 7477.00, '2025-03-05', 'not paid', '2025-04-05'),
(242, 245, 7477.00, '2025-03-05', 'not paid', '2025-04-05'),
(243, 246, 7477.00, '2025-03-05', 'not paid', '2025-04-05'),
(244, 247, 7477.00, '2025-03-05', 'not paid', '2025-04-05'),
(245, 248, 7477.00, '2025-03-05', 'not paid', '2025-04-05'),
(246, 249, 7477.00, '2025-03-05', 'not paid', '2025-04-05'),
(247, 250, 7477.00, '2025-03-05', 'not paid', '2025-04-05'),
(248, 251, 7477.00, '2025-03-05', 'not paid', '2025-04-05'),
(249, 252, 7477.00, '2025-03-05', 'not paid', '2025-04-05'),
(250, 253, 7477.00, '2025-03-05', 'not paid', '2025-04-05'),
(251, 254, 7477.00, '2025-03-05', 'not paid', '2025-04-05'),
(252, 255, 7477.00, '2025-03-05', 'not paid', '2025-04-05'),
(253, 256, 7477.00, '2025-03-05', 'not paid', '2025-04-05'),
(254, 257, 7477.00, '2025-03-05', 'not paid', '2025-04-05'),
(255, 258, 7477.00, '2025-03-05', 'not paid', '2025-04-05'),
(256, 259, 7477.00, '2025-03-05', 'not paid', '2025-04-05'),
(257, 260, 7477.00, '2025-03-05', 'not paid', '2025-04-05'),
(258, 261, 7477.00, '2025-03-05', 'not paid', '2025-04-05'),
(259, 262, 7477.00, '2025-03-05', 'not paid', '2025-04-05'),
(260, 263, 7477.00, '2025-03-05', 'not paid', '2025-04-05'),
(261, 264, 7477.00, '2025-03-05', 'not paid', '2025-04-05'),
(262, 265, 7477.00, '2025-03-05', 'not paid', '2025-04-05'),
(263, 266, 7477.00, '2025-03-05', 'not paid', '2025-04-05'),
(264, 267, 7477.00, '2025-03-05', 'not paid', '2025-04-05'),
(265, 268, 7477.00, '2025-03-05', 'not paid', '2025-04-05'),
(266, 269, 7477.00, '2025-03-05', 'not paid', '2025-04-05'),
(267, 270, 7477.00, '2025-03-05', 'not paid', '2025-04-05'),
(268, 271, 7477.00, '2025-03-05', 'not paid', '2025-04-05'),
(269, 272, 7477.00, '2025-03-05', 'not paid', '2025-04-05'),
(270, 273, 7477.00, '2025-03-05', 'not paid', '2025-04-05'),
(271, 274, 7477.00, '2025-03-05', 'not paid', '2025-04-05'),
(272, 275, 7477.00, '2025-03-05', 'not paid', '2025-04-05'),
(273, 276, 7477.00, '2025-03-05', 'not paid', '2025-04-05'),
(274, 277, 7477.00, '2025-03-05', 'not paid', '2025-04-05'),
(275, 278, 7477.00, '2025-03-05', 'not paid', '2025-04-05'),
(276, 279, 7477.00, '2025-03-05', 'not paid', '2025-04-05'),
(277, 280, 7477.00, '2025-03-05', 'not paid', '2025-04-05'),
(278, 281, 7477.00, '2025-03-05', 'not paid', '2025-04-05'),
(279, 282, 7477.00, '2025-03-05', 'not paid', '2025-04-05'),
(280, 283, 7477.00, '2025-03-05', 'not paid', '2025-04-05'),
(281, 284, 7477.00, '2025-03-05', 'not paid', '2025-04-05'),
(282, 285, 7477.00, '2025-03-05', 'not paid', '2025-04-05'),
(283, 286, 7477.00, '2025-03-05', 'not paid', '2025-04-05'),
(284, 287, 7477.00, '2025-03-05', 'not paid', '2025-04-05'),
(285, 288, 7477.00, '2025-03-05', 'not paid', '2025-04-05'),
(286, 289, 7477.00, '2025-03-05', 'not paid', '2025-04-05'),
(287, 290, 7477.00, '2025-03-05', 'not paid', '2025-04-05'),
(288, 291, 7477.00, '2025-03-05', 'not paid', '2025-04-05'),
(289, 292, 7477.00, '2025-03-05', 'not paid', '2025-04-05'),
(290, 293, 7477.00, '2025-03-05', 'not paid', '2025-04-05'),
(291, 294, 7477.00, '2025-03-05', 'not paid', '2025-04-05'),
(292, 295, 7477.00, '2025-03-05', 'not paid', '2025-04-05'),
(293, 296, 7477.00, '2025-03-05', 'not paid', '2025-04-05'),
(294, 297, 7477.00, '2025-03-05', 'not paid', '2025-04-05'),
(295, 298, 7477.00, '2025-03-05', 'not paid', '2025-04-05'),
(296, 299, 7477.00, '2025-03-05', 'not paid', '2025-04-05'),
(297, 300, 7477.00, '2025-03-05', 'not paid', '2025-04-05'),
(298, 301, 7477.00, '2025-03-05', 'not paid', '2025-04-05'),
(299, 302, 7477.00, '2025-03-05', 'not paid', '2025-04-05'),
(300, 303, 7477.00, '2025-03-05', 'not paid', '2025-04-05'),
(301, 304, 7477.00, '2025-03-05', 'not paid', '2025-04-05'),
(302, 305, 7477.00, '2025-03-05', 'not paid', '2025-04-05'),
(303, 306, 7477.00, '2025-03-05', 'not paid', '2025-04-05'),
(304, 307, 7477.00, '2025-03-05', 'not paid', '2025-04-05'),
(305, 308, 7477.00, '2025-03-05', 'not paid', '2025-04-05'),
(306, 309, 7477.00, '2025-03-05', 'not paid', '2025-04-05'),
(307, 310, 7477.00, '2025-03-05', 'not paid', '2025-04-05'),
(308, 311, 7477.00, '2025-03-05', 'not paid', '2025-04-05'),
(309, 312, 7477.00, '2025-03-05', 'not paid', '2025-04-05'),
(310, 313, 7477.00, '2025-03-05', 'not paid', '2025-04-05'),
(311, 314, 7477.00, '2025-03-05', 'not paid', '2025-04-05'),
(312, 315, 7477.00, '2025-03-05', 'not paid', '2025-04-05'),
(313, 316, 7477.00, '2025-03-05', 'not paid', '2025-04-05'),
(314, 317, 7477.00, '2025-03-05', 'not paid', '2025-04-05'),
(315, 318, 7477.00, '2025-03-05', 'not paid', '2025-04-05'),
(316, 319, 7477.00, '2025-03-05', 'not paid', '2025-04-05'),
(317, 320, 7477.00, '2025-03-05', 'not paid', '2025-04-05'),
(318, 321, 7477.00, '2025-03-05', 'not paid', '2025-04-05'),
(319, 322, 7477.00, '2025-03-05', 'not paid', '2025-04-05'),
(320, 323, 7477.00, '2025-03-05', 'not paid', '2025-04-05'),
(321, 324, 7477.00, '2025-03-05', 'not paid', '2025-04-05'),
(322, 325, 7477.00, '2025-03-05', 'not paid', '2025-04-05'),
(323, 326, 7477.00, '2025-03-05', 'not paid', '2025-04-05'),
(324, 327, 7477.00, '2025-03-05', 'not paid', '2025-04-05'),
(325, 328, 7477.00, '2025-03-05', 'not paid', '2025-04-05'),
(326, 329, 7477.00, '2025-03-05', 'not paid', '2025-04-05'),
(327, 330, 7477.00, '2025-03-05', 'not paid', '2025-04-05'),
(328, 331, 7477.00, '2025-03-05', 'not paid', '2025-04-05'),
(329, 332, 7477.00, '2025-03-05', 'not paid', '2025-04-05'),
(330, 333, 7477.00, '2025-03-05', 'not paid', '2025-04-05'),
(331, 334, 7477.00, '2025-03-05', 'not paid', '2025-04-05'),
(332, 335, 7477.00, '2025-03-05', 'not paid', '2025-04-05'),
(333, 336, 7477.00, '2025-03-05', 'not paid', '2025-04-05'),
(334, 337, 7477.00, '2025-03-05', 'not paid', '2025-04-05'),
(335, 338, 7477.00, '2025-03-05', 'not paid', '2025-04-05'),
(336, 339, 7477.00, '2025-03-05', 'not paid', '2025-04-05'),
(337, 340, 7477.00, '2025-03-05', 'not paid', '2025-04-05'),
(338, 341, 7477.00, '2025-03-05', 'not paid', '2025-04-05'),
(339, 342, 7477.00, '2025-03-05', 'not paid', '2025-04-05'),
(340, 343, 7477.00, '2025-03-05', 'not paid', '2025-04-05'),
(341, 344, 7477.00, '2025-03-05', 'not paid', '2025-04-05'),
(342, 345, 7477.00, '2025-03-05', 'not paid', '2025-04-05'),
(343, 346, 7477.00, '2025-03-05', 'not paid', '2025-04-05'),
(344, 347, 7477.00, '2025-03-05', 'not paid', '2025-04-05'),
(345, 348, 7477.00, '2025-03-05', 'not paid', '2025-04-05'),
(346, 349, 7477.00, '2025-03-05', 'not paid', '2025-04-05'),
(347, 350, 7477.00, '2025-03-05', 'not paid', '2025-04-05'),
(348, 351, 7477.00, '2025-03-05', 'not paid', '2025-04-05'),
(349, 352, 7477.00, '2025-03-05', 'not paid', '2025-04-05'),
(350, 353, 7477.00, '2025-03-05', 'not paid', '2025-04-05'),
(351, 354, 7477.00, '2025-03-05', 'not paid', '2025-04-05'),
(352, 355, 7477.00, '2025-03-05', 'not paid', '2025-04-05'),
(353, 356, 7477.00, '2025-03-05', 'not paid', '2025-04-05'),
(354, 357, 7477.00, '2025-03-05', 'not paid', '2025-04-05'),
(355, 358, 7477.00, '2025-03-05', 'not paid', '2025-04-05'),
(356, 359, 7477.00, '2025-03-05', 'not paid', '2025-04-05'),
(357, 360, 7477.00, '2025-03-05', 'not paid', '2025-04-05'),
(358, 361, 7477.00, '2025-03-05', 'not paid', '2025-04-05'),
(359, 362, 7477.00, '2025-03-05', 'not paid', '2025-04-05'),
(360, 363, 7477.00, '2025-03-05', 'not paid', '2025-04-05'),
(361, 364, 7477.00, '2025-03-05', 'not paid', '2025-04-05'),
(362, 365, 7477.00, '2025-03-05', 'not paid', '2025-04-05'),
(363, 366, 7477.00, '2025-03-05', 'not paid', '2025-04-05'),
(364, 367, 7477.00, '2025-03-05', 'not paid', '2025-04-05'),
(365, 368, 7477.00, '2025-03-05', 'not paid', '2025-04-05'),
(366, 369, 7477.00, '2025-03-05', 'not paid', '2025-04-05'),
(367, 370, 7477.00, '2025-03-05', 'not paid', '2025-04-05'),
(368, 371, 7477.00, '2025-03-05', 'not paid', '2025-04-05'),
(369, 372, 7477.00, '2025-03-05', 'not paid', '2025-04-05'),
(370, 373, 7477.00, '2025-03-05', 'not paid', '2025-04-05'),
(371, 374, 7477.00, '2025-03-05', 'not paid', '2025-04-05'),
(372, 375, 7477.00, '2025-03-05', 'not paid', '2025-04-05'),
(373, 376, 7477.00, '2025-03-05', 'not paid', '2025-04-05'),
(374, 377, 7477.00, '2025-03-05', 'not paid', '2025-04-05'),
(375, 378, 7477.00, '2025-03-05', 'not paid', '2025-04-05'),
(376, 379, 7477.00, '2025-03-05', 'not paid', '2025-04-05'),
(377, 380, 7477.00, '2025-03-05', 'not paid', '2025-04-05'),
(378, 381, 7477.00, '2025-03-05', 'not paid', '2025-04-05'),
(379, 382, 7477.00, '2025-03-05', 'not paid', '2025-04-05'),
(380, 383, 7477.00, '2025-03-05', 'not paid', '2025-04-05'),
(381, 384, 7477.00, '2025-03-05', 'not paid', '2025-04-05'),
(382, 385, 7477.00, '2025-03-05', 'not paid', '2025-04-05'),
(383, 386, 7477.00, '2025-03-05', 'not paid', '2025-04-05'),
(384, 387, 7477.00, '2025-03-05', 'not paid', '2025-04-05'),
(385, 388, 7477.00, '2025-03-05', 'not paid', '2025-04-05'),
(386, 389, 7477.00, '2025-03-05', 'not paid', '2025-04-05'),
(387, 390, 7477.00, '2025-03-05', 'not paid', '2025-04-05'),
(388, 391, 7477.00, '2025-03-05', 'not paid', '2025-04-05'),
(389, 392, 7477.00, '2025-03-05', 'not paid', '2025-04-05'),
(390, 393, 7477.00, '2025-03-05', 'not paid', '2025-04-05'),
(391, 394, 7477.00, '2025-03-05', 'not paid', '2025-04-05'),
(392, 395, 7477.00, '2025-03-05', 'not paid', '2025-04-05'),
(393, 396, 7477.00, '2025-03-05', 'not paid', '2025-04-05'),
(394, 397, 7477.00, '2025-03-05', 'not paid', '2025-04-05'),
(395, 398, 7477.00, '2025-03-05', 'not paid', '2025-04-05'),
(396, 399, 7477.00, '2025-03-05', 'not paid', '2025-04-05'),
(397, 400, 7477.00, '2025-03-05', 'not paid', '2025-04-05'),
(398, 401, 7477.00, '2025-03-05', 'not paid', '2025-04-05'),
(399, 402, 7477.00, '2025-03-05', 'not paid', '2025-04-05'),
(400, 403, 7477.00, '2025-03-05', 'not paid', '2025-04-05'),
(401, 404, 7477.00, '2025-03-05', 'not paid', '2025-04-05'),
(402, 405, 7477.00, '2025-03-05', 'not paid', '2025-04-05'),
(403, 406, 7477.00, '2025-03-05', 'not paid', '2025-04-05'),
(404, 407, 7477.00, '2025-03-05', 'not paid', '2025-04-05'),
(405, 408, 7477.00, '2025-03-05', 'not paid', '2025-04-05'),
(406, 409, 7477.00, '2025-03-05', 'not paid', '2025-04-05'),
(407, 410, 7477.00, '2025-03-05', 'not paid', '2025-04-05'),
(408, 411, 7477.00, '2025-03-05', 'not paid', '2025-04-05'),
(409, 412, 7477.00, '2025-03-05', 'not paid', '2025-04-05'),
(410, 413, 7477.00, '2025-03-05', 'not paid', '2025-04-05'),
(411, 414, 7477.00, '2025-03-05', 'not paid', '2025-04-05'),
(412, 415, 7477.00, '2025-03-05', 'not paid', '2025-04-05'),
(413, 416, 7477.00, '2025-03-05', 'not paid', '2025-04-05'),
(414, 417, 7477.00, '2025-03-05', 'not paid', '2025-04-05'),
(415, 418, 7477.00, '2025-03-05', 'not paid', '2025-04-05'),
(416, 419, 7477.00, '2025-03-05', 'not paid', '2025-04-05'),
(417, 420, 7477.00, '2025-03-05', 'not paid', '2025-04-05'),
(418, 421, 7477.00, '2025-03-05', 'not paid', '2025-04-05'),
(419, 422, 7477.00, '2025-03-05', 'not paid', '2025-04-05'),
(420, 423, 7477.00, '2025-03-05', 'not paid', '2025-04-05'),
(421, 424, 7477.00, '2025-03-05', 'not paid', '2025-04-05'),
(422, 425, 7477.00, '2025-03-05', 'not paid', '2025-04-05'),
(423, 426, 7477.00, '2025-03-05', 'not paid', '2025-04-05'),
(424, 427, 7477.00, '2025-03-05', 'not paid', '2025-04-05'),
(425, 428, 7477.00, '2025-03-05', 'not paid', '2025-04-05'),
(426, 429, 7477.00, '2025-03-05', 'not paid', '2025-04-05'),
(427, 430, 7477.00, '2025-03-05', 'not paid', '2025-04-05'),
(428, 431, 7477.00, '2025-03-05', 'not paid', '2025-04-05'),
(429, 432, 7477.00, '2025-03-05', 'not paid', '2025-04-05'),
(430, 433, 7477.00, '2025-03-05', 'not paid', '2025-04-05'),
(431, 434, 7477.00, '2025-03-05', 'not paid', '2025-04-05'),
(432, 435, 7477.00, '2025-03-05', 'not paid', '2025-04-05'),
(433, 436, 7477.00, '2025-03-05', 'not paid', '2025-04-05'),
(434, 437, 7477.00, '2025-03-05', 'not paid', '2025-04-05'),
(435, 438, 7477.00, '2025-03-05', 'not paid', '2025-04-05'),
(436, 439, 7477.00, '2025-03-05', 'not paid', '2025-04-05'),
(437, 440, 7477.00, '2025-03-05', 'not paid', '2025-04-05'),
(438, 441, 7477.00, '2025-03-05', 'not paid', '2025-04-05'),
(439, 442, 7477.00, '2025-03-05', 'not paid', '2025-04-05'),
(440, 443, 7477.00, '2025-03-05', 'not paid', '2025-04-05'),
(441, 444, 7477.00, '2025-03-05', 'not paid', '2025-04-05'),
(442, 445, 7477.00, '2025-03-05', 'not paid', '2025-04-05'),
(443, 446, 7477.00, '2025-03-05', 'not paid', '2025-04-05'),
(444, 447, 7477.00, '2025-03-05', 'not paid', '2025-04-05'),
(445, 448, 7477.00, '2025-03-05', 'not paid', '2025-04-05'),
(446, 449, 7477.00, '2025-03-05', 'not paid', '2025-04-05'),
(447, 450, 7477.00, '2025-03-05', 'not paid', '2025-04-05'),
(448, 451, 7477.00, '2025-03-05', 'not paid', '2025-04-05'),
(449, 452, 7477.00, '2025-03-05', 'not paid', '2025-04-05'),
(450, 453, 7477.00, '2025-03-05', 'not paid', '2025-04-05'),
(451, 454, 7477.00, '2025-03-05', 'not paid', '2025-04-05'),
(452, 455, 7477.00, '2025-03-05', 'not paid', '2025-04-05'),
(453, 456, 7477.00, '2025-03-05', 'not paid', '2025-04-05'),
(454, 457, 7477.00, '2025-03-05', 'not paid', '2025-04-05'),
(455, 458, 7477.00, '2025-03-05', 'not paid', '2025-04-05'),
(456, 459, 7477.00, '2025-03-05', 'not paid', '2025-04-05'),
(457, 460, 7477.00, '2025-03-05', 'not paid', '2025-04-05'),
(458, 461, 7477.00, '2025-03-05', 'not paid', '2025-04-05'),
(459, 462, 7477.00, '2025-03-05', 'not paid', '2025-04-05'),
(460, 463, 7477.00, '2025-03-05', 'not paid', '2025-04-05'),
(461, 464, 7477.00, '2025-03-05', 'not paid', '2025-04-05'),
(462, 465, 7477.00, '2025-03-05', 'not paid', '2025-04-05'),
(463, 466, 7477.00, '2025-03-05', 'not paid', '2025-04-05'),
(464, 467, 7477.00, '2025-03-05', 'not paid', '2025-04-05'),
(465, 468, 7477.00, '2025-03-05', 'not paid', '2025-04-05'),
(466, 469, 7477.00, '2025-03-05', 'not paid', '2025-04-05'),
(467, 470, 7477.00, '2025-03-05', 'not paid', '2025-04-05'),
(468, 471, 7477.00, '2025-03-05', 'not paid', '2025-04-05'),
(469, 472, 7477.00, '2025-03-05', 'not paid', '2025-04-05'),
(470, 473, 7477.00, '2025-03-05', 'not paid', '2025-04-05'),
(471, 474, 7477.00, '2025-03-05', 'not paid', '2025-04-05'),
(472, 475, 7477.00, '2025-03-05', 'not paid', '2025-04-05'),
(473, 476, 7477.00, '2025-03-05', 'not paid', '2025-04-05'),
(474, 477, 7477.00, '2025-03-05', 'not paid', '2025-04-05'),
(475, 478, 7477.00, '2025-03-05', 'not paid', '2025-04-05'),
(476, 479, 7477.00, '2025-03-05', 'not paid', '2025-04-05'),
(477, 480, 7477.00, '2025-03-05', 'not paid', '2025-04-05'),
(478, 481, 7477.00, '2025-03-05', 'not paid', '2025-04-05'),
(479, 482, 7477.00, '2025-03-05', 'not paid', '2025-04-05'),
(480, 483, 7477.00, '2025-03-05', 'not paid', '2025-04-05'),
(481, 484, 7477.00, '2025-03-05', 'not paid', '2025-04-05'),
(482, 485, 7477.00, '2025-03-05', 'not paid', '2025-04-05'),
(483, 486, 7477.00, '2025-03-05', 'not paid', '2025-04-05'),
(484, 487, 7477.00, '2025-03-05', 'not paid', '2025-04-05'),
(485, 488, 7477.00, '2025-03-05', 'not paid', '2025-04-05'),
(486, 489, 7477.00, '2025-03-05', 'not paid', '2025-04-05'),
(487, 490, 7477.00, '2025-03-05', 'not paid', '2025-04-05'),
(488, 491, 7477.00, '2025-03-05', 'not paid', '2025-04-05'),
(489, 492, 7477.00, '2025-03-05', 'not paid', '2025-04-05'),
(490, 493, 7477.00, '2025-03-05', 'not paid', '2025-04-05'),
(491, 494, 7477.00, '2025-03-05', 'not paid', '2025-04-05'),
(492, 495, 7477.00, '2025-03-05', 'not paid', '2025-04-05'),
(493, 496, 7477.00, '2025-03-05', 'not paid', '2025-04-05'),
(494, 497, 7477.00, '2025-03-05', 'not paid', '2025-04-05'),
(495, 498, 7477.00, '2025-03-05', 'not paid', '2025-04-05'),
(496, 499, 7477.00, '2025-03-05', 'not paid', '2025-04-05'),
(497, 500, 7477.00, '2025-03-05', 'not paid', '2025-04-05'),
(498, 501, 7477.00, '2025-03-05', 'not paid', '2025-04-05'),
(499, 502, 7477.00, '2025-03-05', 'not paid', '2025-04-05'),
(500, 503, 7477.00, '2025-03-05', 'not paid', '2025-04-05'),
(501, 504, 7477.00, '2025-03-05', 'not paid', '2025-04-05'),
(502, 505, 7477.00, '2025-03-05', 'not paid', '2025-04-05'),
(503, 506, 7477.00, '2025-03-05', 'not paid', '2025-04-05'),
(504, 507, 7477.00, '2025-03-05', 'not paid', '2025-04-05'),
(505, 508, 7477.00, '2025-03-05', 'not paid', '2025-04-05'),
(506, 509, 7477.00, '2025-03-05', 'not paid', '2025-04-05'),
(507, 510, 7477.00, '2025-03-05', 'not paid', '2025-04-05'),
(508, 511, 7477.00, '2025-03-05', 'not paid', '2025-04-05'),
(509, 512, 7477.00, '2025-03-05', 'not paid', '2025-04-05'),
(510, 513, 7477.00, '2025-03-05', 'not paid', '2025-04-05'),
(511, 514, 7477.00, '2025-03-05', 'not paid', '2025-04-05'),
(512, 515, 7477.00, '2025-03-05', 'not paid', '2025-04-05'),
(513, 516, 7477.00, '2025-03-05', 'not paid', '2025-04-05'),
(514, 517, 7477.00, '2025-03-05', 'not paid', '2025-04-05'),
(515, 518, 7477.00, '2025-03-05', 'not paid', '2025-04-05'),
(516, 519, 7477.00, '2025-03-05', 'not paid', '2025-04-05'),
(517, 520, 7477.00, '2025-03-05', 'not paid', '2025-04-05'),
(518, 521, 7477.00, '2025-03-05', 'not paid', '2025-04-05'),
(519, 522, 7477.00, '2025-03-05', 'not paid', '2025-04-05'),
(520, 523, 7477.00, '2025-03-05', 'not paid', '2025-04-05'),
(521, 524, 7477.00, '2025-03-05', 'not paid', '2025-04-05'),
(522, 525, 7477.00, '2025-03-05', 'not paid', '2025-04-05'),
(523, 526, 7477.00, '2025-03-05', 'not paid', '2025-04-05'),
(524, 527, 7477.00, '2025-03-05', 'not paid', '2025-04-05'),
(525, 528, 7477.00, '2025-03-05', 'not paid', '2025-04-05'),
(526, 529, 7477.00, '2025-03-05', 'not paid', '2025-04-05'),
(527, 530, 7477.00, '2025-03-05', 'not paid', '2025-04-05'),
(528, 531, 7477.00, '2025-03-05', 'not paid', '2025-04-05'),
(529, 532, 7477.00, '2025-03-05', 'not paid', '2025-04-05'),
(530, 533, 7477.00, '2025-03-05', 'not paid', '2025-04-05'),
(531, 534, 7477.00, '2025-03-05', 'not paid', '2025-04-05'),
(532, 535, 7477.00, '2025-03-05', 'not paid', '2025-04-05'),
(533, 536, 7477.00, '2025-03-05', 'not paid', '2025-04-05'),
(534, 537, 7477.00, '2025-03-05', 'not paid', '2025-04-05'),
(535, 538, 7477.00, '2025-03-05', 'not paid', '2025-04-05'),
(536, 539, 7477.00, '2025-03-05', 'not paid', '2025-04-05'),
(537, 540, 7477.00, '2025-03-05', 'not paid', '2025-04-05'),
(538, 541, 7477.00, '2025-03-05', 'not paid', '2025-04-05'),
(539, 542, 7477.00, '2025-03-05', 'not paid', '2025-04-05'),
(540, 543, 7477.00, '2025-03-05', 'not paid', '2025-04-05'),
(541, 544, 7477.00, '2025-03-05', 'not paid', '2025-04-05'),
(542, 545, 7477.00, '2025-03-05', 'not paid', '2025-04-05'),
(543, 546, 7477.00, '2025-03-05', 'not paid', '2025-04-05'),
(544, 547, 7477.00, '2025-03-05', 'not paid', '2025-04-05'),
(545, 548, 7477.00, '2025-03-05', 'not paid', '2025-04-05'),
(546, 549, 7477.00, '2025-03-05', 'not paid', '2025-04-05'),
(547, 550, 7477.00, '2025-03-05', 'not paid', '2025-04-05'),
(548, 551, 7477.00, '2025-03-05', 'not paid', '2025-04-05'),
(549, 552, 7477.00, '2025-03-05', 'not paid', '2025-04-05'),
(550, 553, 7477.00, '2025-03-05', 'not paid', '2025-04-05'),
(551, 554, 7477.00, '2025-03-05', 'not paid', '2025-04-05'),
(552, 555, 7477.00, '2025-03-05', 'not paid', '2025-04-05'),
(553, 556, 7477.00, '2025-03-05', 'not paid', '2025-04-05'),
(554, 557, 7477.00, '2025-03-05', 'not paid', '2025-04-05'),
(555, 558, 7477.00, '2025-03-05', 'not paid', '2025-04-05'),
(556, 559, 7477.00, '2025-03-05', 'not paid', '2025-04-05'),
(557, 560, 7477.00, '2025-03-05', 'not paid', '2025-04-05'),
(558, 561, 7477.00, '2025-03-05', 'not paid', '2025-04-05'),
(559, 562, 7477.00, '2025-03-05', 'not paid', '2025-04-05'),
(560, 563, 7477.00, '2025-03-05', 'not paid', '2025-04-05'),
(561, 564, 7477.00, '2025-03-05', 'not paid', '2025-04-05'),
(562, 565, 7477.00, '2025-03-05', 'not paid', '2025-04-05'),
(563, 566, 7477.00, '2025-03-05', 'not paid', '2025-04-05'),
(564, 567, 7477.00, '2025-03-05', 'not paid', '2025-04-05'),
(565, 568, 7477.00, '2025-03-05', 'not paid', '2025-04-05'),
(566, 569, 7477.00, '2025-03-05', 'not paid', '2025-04-05'),
(567, 570, 7477.00, '2025-03-05', 'not paid', '2025-04-05'),
(568, 571, 7477.00, '2025-03-05', 'not paid', '2025-04-05'),
(569, 572, 7477.00, '2025-03-05', 'not paid', '2025-04-05'),
(570, 573, 7477.00, '2025-03-05', 'not paid', '2025-04-05'),
(571, 574, 7477.00, '2025-03-05', 'not paid', '2025-04-05'),
(572, 575, 7477.00, '2025-03-05', 'not paid', '2025-04-05'),
(573, 576, 7477.00, '2025-03-05', 'not paid', '2025-04-05'),
(574, 577, 7477.00, '2025-03-05', 'not paid', '2025-04-05'),
(575, 578, 7477.00, '2025-03-05', 'not paid', '2025-04-05'),
(576, 579, 7477.00, '2025-03-05', 'not paid', '2025-04-05'),
(577, 580, 7477.00, '2025-03-05', 'not paid', '2025-04-05'),
(578, 581, 7477.00, '2025-03-05', 'not paid', '2025-04-05'),
(579, 582, 7477.00, '2025-03-05', 'not paid', '2025-04-05'),
(580, 583, 7477.00, '2025-03-05', 'not paid', '2025-04-05'),
(581, 584, 7477.00, '2025-03-05', 'not paid', '2025-04-05'),
(582, 585, 7477.00, '2025-03-05', 'not paid', '2025-04-05'),
(583, 586, 7477.00, '2025-03-05', 'not paid', '2025-04-05'),
(584, 587, 7477.00, '2025-03-05', 'not paid', '2025-04-05'),
(585, 588, 7477.00, '2025-03-05', 'not paid', '2025-04-05'),
(586, 589, 7477.00, '2025-03-05', 'not paid', '2025-04-05'),
(587, 590, 7477.00, '2025-03-05', 'not paid', '2025-04-05'),
(588, 591, 7477.00, '2025-03-05', 'not paid', '2025-04-05'),
(589, 592, 7477.00, '2025-03-05', 'not paid', '2025-04-05'),
(590, 593, 7477.00, '2025-03-05', 'not paid', '2025-04-05'),
(591, 594, 7477.00, '2025-03-05', 'not paid', '2025-04-05'),
(592, 595, 7477.00, '2025-03-05', 'not paid', '2025-04-05'),
(593, 596, 7477.00, '2025-03-05', 'not paid', '2025-04-05'),
(594, 597, 7477.00, '2025-03-05', 'not paid', '2025-04-05'),
(595, 598, 7477.00, '2025-03-05', 'not paid', '2025-04-05'),
(596, 599, 7477.00, '2025-03-05', 'not paid', '2025-04-05'),
(597, 600, 7477.00, '2025-03-05', 'not paid', '2025-04-05'),
(598, 601, 7477.00, '2025-03-05', 'not paid', '2025-04-05'),
(599, 602, 7477.00, '2025-03-05', 'not paid', '2025-04-05'),
(600, 603, 7477.00, '2025-03-05', 'not paid', '2025-04-05'),
(601, 604, 7477.00, '2025-03-05', 'not paid', '2025-04-05'),
(602, 605, 7477.00, '2025-03-05', 'not paid', '2025-04-05'),
(603, 606, 7477.00, '2025-03-05', 'not paid', '2025-04-05'),
(604, 607, 7477.00, '2025-03-05', 'not paid', '2025-04-05'),
(605, 608, 7477.00, '2025-03-05', 'not paid', '2025-04-05'),
(606, 609, 7477.00, '2025-03-05', 'not paid', '2025-04-05'),
(607, 610, 7477.00, '2025-03-05', 'not paid', '2025-04-05'),
(608, 611, 7477.00, '2025-03-05', 'not paid', '2025-04-05'),
(609, 612, 7477.00, '2025-03-05', 'not paid', '2025-04-05'),
(610, 613, 7477.00, '2025-03-05', 'not paid', '2025-04-05'),
(611, 614, 7477.00, '2025-03-05', 'not paid', '2025-04-05'),
(612, 615, 7477.00, '2025-03-05', 'not paid', '2025-04-05'),
(613, 616, 7477.00, '2025-03-05', 'not paid', '2025-04-05'),
(614, 617, 7477.00, '2025-03-05', 'not paid', '2025-04-05'),
(615, 618, 7477.00, '2025-03-05', 'not paid', '2025-04-05'),
(616, 619, 7477.00, '2025-03-05', 'not paid', '2025-04-05'),
(617, 620, 7477.00, '2025-03-05', 'not paid', '2025-04-05'),
(618, 621, 7477.00, '2025-03-05', 'not paid', '2025-04-05'),
(619, 622, 7477.00, '2025-03-05', 'not paid', '2025-04-05'),
(620, 623, 7477.00, '2025-03-05', 'not paid', '2025-04-05'),
(621, 624, 7477.00, '2025-03-05', 'not paid', '2025-04-05'),
(622, 625, 7477.00, '2025-03-05', 'not paid', '2025-04-05'),
(623, 626, 7477.00, '2025-03-05', 'not paid', '2025-04-05'),
(624, 627, 7477.00, '2025-03-05', 'not paid', '2025-04-05'),
(625, 628, 7477.00, '2025-03-05', 'not paid', '2025-04-05'),
(626, 629, 7477.00, '2025-03-05', 'not paid', '2025-04-05'),
(627, 630, 7477.00, '2025-03-05', 'not paid', '2025-04-05'),
(628, 631, 7477.00, '2025-03-05', 'not paid', '2025-04-05'),
(629, 632, 7477.00, '2025-03-05', 'not paid', '2025-04-05'),
(630, 633, 7477.00, '2025-03-05', 'not paid', '2025-04-05'),
(631, 634, 7477.00, '2025-03-05', 'not paid', '2025-04-05'),
(632, 635, 7477.00, '2025-03-05', 'not paid', '2025-04-05'),
(633, 636, 7477.00, '2025-03-05', 'not paid', '2025-04-05'),
(634, 637, 7477.00, '2025-03-05', 'not paid', '2025-04-05'),
(635, 638, 7477.00, '2025-03-05', 'not paid', '2025-04-05'),
(636, 639, 7477.00, '2025-03-05', 'not paid', '2025-04-05'),
(637, 640, 7477.00, '2025-03-05', 'not paid', '2025-04-05'),
(638, 641, 7477.00, '2025-03-05', 'not paid', '2025-04-05'),
(639, 642, 7477.00, '2025-03-05', 'not paid', '2025-04-05'),
(640, 643, 7477.00, '2025-03-05', 'not paid', '2025-04-05'),
(641, 644, 7477.00, '2025-03-05', 'not paid', '2025-04-05'),
(642, 645, 7477.00, '2025-03-05', 'not paid', '2025-04-05'),
(643, 646, 7477.00, '2025-03-05', 'not paid', '2025-04-05'),
(644, 647, 7477.00, '2025-03-05', 'not paid', '2025-04-05'),
(645, 648, 7477.00, '2025-03-05', 'not paid', '2025-04-05'),
(646, 649, 7477.00, '2025-03-05', 'not paid', '2025-04-05'),
(647, 650, 7477.00, '2025-03-05', 'not paid', '2025-04-05'),
(648, 651, 7477.00, '2025-03-05', 'not paid', '2025-04-05'),
(649, 652, 7477.00, '2025-03-05', 'not paid', '2025-04-05'),
(650, 653, 7477.00, '2025-03-05', 'not paid', '2025-04-05'),
(651, 654, 7477.00, '2025-03-05', 'not paid', '2025-04-05'),
(652, 655, 7477.00, '2025-03-05', 'not paid', '2025-04-05'),
(653, 656, 7477.00, '2025-03-05', 'not paid', '2025-04-05'),
(654, 657, 7477.00, '2025-03-05', 'not paid', '2025-04-05'),
(655, 658, 7477.00, '2025-03-05', 'not paid', '2025-04-05'),
(656, 659, 7477.00, '2025-03-05', 'not paid', '2025-04-05'),
(657, 660, 7477.00, '2025-03-05', 'not paid', '2025-04-05'),
(658, 661, 7477.00, '2025-03-05', 'not paid', '2025-04-05'),
(659, 662, 7477.00, '2025-03-05', 'not paid', '2025-04-05'),
(660, 663, 7477.00, '2025-03-05', 'not paid', '2025-04-05'),
(661, 664, 7477.00, '2025-03-05', 'not paid', '2025-04-05'),
(662, 665, 7477.00, '2025-03-05', 'not paid', '2025-04-05'),
(663, 666, 7477.00, '2025-03-05', 'not paid', '2025-04-05'),
(664, 667, 7477.00, '2025-03-05', 'not paid', '2025-04-05'),
(665, 668, 7477.00, '2025-03-05', 'not paid', '2025-04-05'),
(666, 669, 7477.00, '2025-03-05', 'not paid', '2025-04-05'),
(667, 670, 7477.00, '2025-03-05', 'not paid', '2025-04-05'),
(668, 671, 7477.00, '2025-03-05', 'not paid', '2025-04-05'),
(669, 672, 7477.00, '2025-03-05', 'not paid', '2025-04-05'),
(670, 673, 7477.00, '2025-03-05', 'not paid', '2025-04-05'),
(671, 674, 7477.00, '2025-03-05', 'not paid', '2025-04-05'),
(672, 675, 7477.00, '2025-03-05', 'not paid', '2025-04-05'),
(673, 676, 7477.00, '2025-03-05', 'not paid', '2025-04-05'),
(674, 677, 7477.00, '2025-03-05', 'not paid', '2025-04-05'),
(675, 678, 7477.00, '2025-03-05', 'not paid', '2025-04-05'),
(676, 679, 7477.00, '2025-03-05', 'not paid', '2025-04-05'),
(677, 680, 7477.00, '2025-03-05', 'not paid', '2025-04-05'),
(678, 681, 7477.00, '2025-03-05', 'not paid', '2025-04-05'),
(679, 682, 7477.00, '2025-03-05', 'not paid', '2025-04-05'),
(680, 683, 7477.00, '2025-03-05', 'not paid', '2025-04-05'),
(681, 684, 7477.00, '2025-03-05', 'not paid', '2025-04-05'),
(682, 685, 7477.00, '2025-03-05', 'not paid', '2025-04-05'),
(683, 686, 7477.00, '2025-03-05', 'not paid', '2025-04-05'),
(684, 687, 7477.00, '2025-03-05', 'not paid', '2025-04-05'),
(685, 688, 7477.00, '2025-03-05', 'not paid', '2025-04-05'),
(686, 689, 7477.00, '2025-03-05', 'not paid', '2025-04-05'),
(687, 690, 7477.00, '2025-03-05', 'not paid', '2025-04-05'),
(688, 691, 7477.00, '2025-03-05', 'not paid', '2025-04-05'),
(689, 692, 7477.00, '2025-03-05', 'not paid', '2025-04-05'),
(690, 693, 7477.00, '2025-03-05', 'not paid', '2025-04-05'),
(691, 694, 7477.00, '2025-03-05', 'not paid', '2025-04-05'),
(692, 695, 7477.00, '2025-03-05', 'not paid', '2025-04-05'),
(693, 696, 7477.00, '2025-03-05', 'not paid', '2025-04-05'),
(694, 697, 7477.00, '2025-03-05', 'not paid', '2025-04-05'),
(695, 698, 7477.00, '2025-03-05', 'not paid', '2025-04-05'),
(696, 699, 7477.00, '2025-03-05', 'not paid', '2025-04-05'),
(697, 700, 7477.00, '2025-03-05', 'not paid', '2025-04-05'),
(698, 701, 7477.00, '2025-03-05', 'not paid', '2025-04-05'),
(699, 702, 7477.00, '2025-03-05', 'not paid', '2025-04-05'),
(700, 703, 7477.00, '2025-03-05', 'not paid', '2025-04-05'),
(701, 704, 7477.00, '2025-03-05', 'not paid', '2025-04-05'),
(702, 705, 7477.00, '2025-03-05', 'not paid', '2025-04-05'),
(703, 706, 7477.00, '2025-03-05', 'not paid', '2025-04-05'),
(704, 707, 7477.00, '2025-03-05', 'not paid', '2025-04-05'),
(705, 708, 7477.00, '2025-03-05', 'not paid', '2025-04-05'),
(706, 709, 7477.00, '2025-03-05', 'not paid', '2025-04-05'),
(707, 710, 7477.00, '2025-03-05', 'not paid', '2025-04-05'),
(708, 711, 7477.00, '2025-03-05', 'not paid', '2025-04-05'),
(709, 712, 7477.00, '2025-03-05', 'not paid', '2025-04-05'),
(710, 713, 7477.00, '2025-03-05', 'not paid', '2025-04-05'),
(711, 714, 7477.00, '2025-03-05', 'not paid', '2025-04-05'),
(712, 715, 7477.00, '2025-03-05', 'not paid', '2025-04-05'),
(713, 716, 7477.00, '2025-03-05', 'not paid', '2025-04-05'),
(714, 717, 7477.00, '2025-03-05', 'not paid', '2025-04-05'),
(715, 718, 7477.00, '2025-03-05', 'not paid', '2025-04-05'),
(716, 719, 7477.00, '2025-03-05', 'not paid', '2025-04-05'),
(717, 720, 7477.00, '2025-03-05', 'not paid', '2025-04-05'),
(718, 721, 7477.00, '2025-03-05', 'not paid', '2025-04-05'),
(719, 722, 7477.00, '2025-03-05', 'not paid', '2025-04-05'),
(720, 723, 7477.00, '2025-03-05', 'not paid', '2025-04-05'),
(721, 724, 7477.00, '2025-03-05', 'not paid', '2025-04-05'),
(722, 725, 7477.00, '2025-03-05', 'not paid', '2025-04-05'),
(723, 726, 7477.00, '2025-03-05', 'not paid', '2025-04-05'),
(724, 727, 7477.00, '2025-03-05', 'not paid', '2025-04-05'),
(725, 728, 7477.00, '2025-03-05', 'not paid', '2025-04-05'),
(726, 729, 7477.00, '2025-03-05', 'not paid', '2025-04-05'),
(727, 730, 7477.00, '2025-03-05', 'not paid', '2025-04-05'),
(728, 731, 7477.00, '2025-03-05', 'not paid', '2025-04-05'),
(729, 732, 7477.00, '2025-03-05', 'not paid', '2025-04-05'),
(730, 733, 7477.00, '2025-03-05', 'not paid', '2025-04-05'),
(731, 734, 7477.00, '2025-03-05', 'not paid', '2025-04-05'),
(732, 735, 7477.00, '2025-03-05', 'not paid', '2025-04-05'),
(733, 736, 7477.00, '2025-03-05', 'not paid', '2025-04-05'),
(734, 737, 7477.00, '2025-03-05', 'not paid', '2025-04-05'),
(735, 738, 7477.00, '2025-03-05', 'not paid', '2025-04-05'),
(736, 739, 7477.00, '2025-03-05', 'not paid', '2025-04-05'),
(737, 740, 7477.00, '2025-03-05', 'not paid', '2025-04-05'),
(738, 741, 7477.00, '2025-03-05', 'not paid', '2025-04-05'),
(739, 742, 7477.00, '2025-03-05', 'not paid', '2025-04-05'),
(740, 743, 7477.00, '2025-03-05', 'not paid', '2025-04-05'),
(741, 744, 7477.00, '2025-03-05', 'not paid', '2025-04-05'),
(742, 745, 7477.00, '2025-03-05', 'not paid', '2025-04-05'),
(743, 746, 7477.00, '2025-03-05', 'not paid', '2025-04-05'),
(744, 747, 7477.00, '2025-03-05', 'not paid', '2025-04-05'),
(745, 748, 7477.00, '2025-03-05', 'not paid', '2025-04-05'),
(746, 749, 7477.00, '2025-03-05', 'not paid', '2025-04-05'),
(747, 750, 7477.00, '2025-03-05', 'not paid', '2025-04-05'),
(748, 751, 7477.00, '2025-03-05', 'not paid', '2025-04-05'),
(749, 752, 6113.00, '2025-03-05', 'not paid', '2025-04-05'),
(750, 753, 7291.00, '2025-03-05', 'not paid', '2025-04-05'),
(751, 754, 6426.00, '2025-03-05', 'not paid', '2025-04-05'),
(752, 755, 7340.00, '2025-03-05', 'not paid', '2025-04-05'),
(753, 756, 7114.00, '2025-03-05', 'not paid', '2025-04-05'),
(754, 757, 7137.00, '2025-03-05', 'not paid', '2025-04-05'),
(755, 758, 7291.00, '2025-03-06', 'not paid', '2025-04-06'),
(756, 759, 999999.00, '2025-03-06', 'not paid', '2025-04-06'),
(757, 760, 9999.00, '2025-03-06', 'not paid', '2025-04-06'),
(758, 761, 8572.00, '2025-03-12', 'not paid', '2025-04-12'),
(759, 762, 8696.00, '2025-03-12', 'not paid', '2025-04-12'),
(760, 763, 7291.00, '2025-03-12', 'not paid', '2025-04-12'),
(761, 764, 6596.00, '2025-03-12', 'not paid', '2025-04-12'),
(762, 765, 8068.00, '2025-03-12', 'not paid', '2025-04-12'),
(763, 766, 8626.00, '2025-03-12', 'not paid', '2025-04-12');

-- --------------------------------------------------------

--
-- Table structure for table `rooms`
--

CREATE TABLE `rooms` (
  `id` int(11) NOT NULL,
  `room_number` varchar(10) NOT NULL,
  `status` enum('available','occupied','pending') DEFAULT 'available',
  `price` decimal(10,2) NOT NULL,
  `created_at` timestamp NOT NULL DEFAULT current_timestamp(),
  `user_id` int(11) DEFAULT NULL
) ENGINE=InnoDB DEFAULT CHARSET=utf8mb4 COLLATE=utf8mb4_general_ci;

--
-- Dumping data for table `rooms`
--

INSERT INTO `rooms` (`id`, `room_number`, `status`, `price`, `created_at`, `user_id`) VALUES
(1, '101', 'occupied', 7477.00, '2025-03-03 17:20:03', NULL),
(2, '102', 'occupied', 8705.00, '2025-03-03 17:20:03', NULL),
(3, '103', 'pending', 6090.00, '2025-03-03 17:20:03', NULL),
(4, '104', 'occupied', 7340.00, '2025-03-03 17:20:03', NULL),
(5, '105', 'occupied', 6426.00, '2025-03-03 17:20:03', NULL),
(6, '106', 'occupied', 7114.00, '2025-03-03 17:20:03', NULL),
(7, '107', 'occupied', 7291.00, '2025-03-03 17:20:03', 1),
(8, '108', 'occupied', 6113.00, '2025-03-03 17:20:03', NULL),
(9, '109', 'occupied', 8696.00, '2025-03-03 17:20:03', 1),
(10, '110', 'occupied', 7137.00, '2025-03-03 17:20:03', NULL),
(11, '111', 'occupied', 6596.00, '2025-03-03 17:33:27', 1),
(12, '112', 'occupied', 8572.00, '2025-03-03 17:33:52', NULL),
(13, '113', 'occupied', 8068.00, '2025-03-03 17:41:35', 1),
(14, '114', 'occupied', 8626.00, '2025-03-03 17:41:37', 3),
(15, '115', 'available', 6926.00, '2025-03-03 17:41:38', NULL),
(16, '116', 'available', 8752.00, '2025-03-03 17:41:40', NULL),
(17, '117', 'available', 7980.00, '2025-03-03 17:41:42', NULL),
(18, '118', 'available', 7643.00, '2025-03-03 17:41:43', NULL),
(19, '119', 'available', 8275.00, '2025-03-03 17:41:44', NULL),
(20, '120', 'occupied', 9999.00, '2025-03-05 10:03:42', NULL),
(21, '121', 'occupied', 999999.00, '2025-03-06 05:09:48', NULL),
(22, '122', 'available', 2000000.00, '2025-03-12 06:01:14', NULL);

-- --------------------------------------------------------

--
-- Table structure for table `room_requests`
--

CREATE TABLE `room_requests` (
  `id` int(11) NOT NULL,
  `user_id` int(11) NOT NULL,
  `room_id` int(11) NOT NULL,
  `status` enum('pending','approved','rejected') NOT NULL DEFAULT 'pending',
  `request_date` timestamp NOT NULL DEFAULT current_timestamp(),
  `name` varchar(255) NOT NULL,
  `contact` varchar(255) NOT NULL,
  `pax` int(11) NOT NULL,
  `mode_of_payment` varchar(50) NOT NULL
) ENGINE=InnoDB DEFAULT CHARSET=utf8mb4 COLLATE=utf8mb4_general_ci;

--
-- Dumping data for table `room_requests`
--

INSERT INTO `room_requests` (`id`, `user_id`, `room_id`, `status`, `request_date`, `name`, `contact`, `pax`, `mode_of_payment`) VALUES
(2, 1, 5, 'approved', '2025-03-05 09:43:45', 'Circular Saw', '', 2, 'Cash'),
(3, 1, 5, 'approved', '2025-03-05 09:50:14', 'Circular Saw', '', 2, 'Cash'),
(4, 1, 2, 'approved', '2025-03-05 09:50:26', 'n.valdez', '', 4, 'Cash'),
(5, 1, 2, 'approved', '2025-03-05 09:50:31', 'n.valdez', '', 4, 'Cash'),
(6, 1, 1, 'approved', '2025-03-05 09:51:23', 'asdasdasddas', '', 1, 'Online'),
(7, 1, 1, 'approved', '2025-03-05 09:51:24', 'asdasdasddas', '', 1, 'Online'),
(8, 1, 1, 'approved', '2025-03-05 09:52:01', 'asdasdasddas', '', 1, 'Online'),
(9, 1, 3, 'rejected', '2025-03-05 09:52:08', 'asdasddas', '', 3, 'Cash'),
(10, 1, 4, 'approved', '2025-03-05 09:59:45', 'asdsdadas', '', 2, 'Online'),
(11, 1, 6, 'approved', '2025-03-05 10:02:35', 'asdasddas', '', 2, 'Cash'),
(12, 1, 7, 'approved', '2025-03-05 10:09:53', 'asdasdsad', '', 5, 'Cash'),
(13, 1, 7, 'approved', '2025-03-05 10:09:55', 'asdasdsad', '', 5, 'Cash'),
(14, 1, 7, 'approved', '2025-03-05 10:10:15', 'asdasdsad', '', 5, 'Cash'),
(15, 1, 8, 'approved', '2025-03-05 10:10:20', 'asdasasdasd', '', 2, 'Cash'),
(16, 1, 9, 'approved', '2025-03-05 13:47:55', 'asdsadasd', '09612903652', 4, 'Online'),
(17, 3, 10, 'approved', '2025-03-05 14:30:13', 'fcm', '09612903652', 4, 'Cash'),
(18, 3, 21, 'approved', '2025-03-06 05:10:26', 'eliseolim', '12345678910', 6, 'Online'),
(19, 4, 20, 'approved', '2025-03-06 05:40:11', 'resty cailao', '12344353q35235', 6, 'Online'),
(20, 3, 12, 'approved', '2025-03-12 04:46:36', 'Circular Saw', '21211212', 2, 'Online'),
(21, 1, 11, 'approved', '2025-03-12 04:55:21', 'saddasdsa', 'dsadsadsadsa', 2, 'Online'),
(22, 1, 13, 'approved', '2025-03-12 05:51:16', 'fcm', '09612903652', 3, 'Cash'),
(23, 3, 14, 'approved', '2025-03-12 10:06:21', 'Circular Saw', '12345678910', 3, 'Online');

-- --------------------------------------------------------

--
-- Table structure for table `tenants`
--

CREATE TABLE `tenants` (
  `id` int(11) NOT NULL,
  `name` varchar(255) NOT NULL,
  `apartment` varchar(255) NOT NULL,
  `contact` varchar(255) NOT NULL,
  `due_date` date DEFAULT NULL,
  `date_approved` date DEFAULT NULL
) ENGINE=InnoDB DEFAULT CHARSET=utf8mb4 COLLATE=utf8mb4_general_ci;

--
-- Dumping data for table `tenants`
--

INSERT INTO `tenants` (`id`, `name`, `apartment`, `contact`, `due_date`, `date_approved`) VALUES
(1, 'Circular Saw', '5', '', NULL, NULL),
(2, 'Circular Saw', '5', '', NULL, NULL),
(3, 'n.valdez', '2', '', NULL, NULL),
(4, 'n.valdez', '2', '', NULL, NULL),
(5, 'n.valdez', '2', '', NULL, NULL),
(6, 'asdasdasddas', '1', '', NULL, NULL),
(7, 'asdasdasddas', '1', '', NULL, NULL),
(8, 'asdasdasddas', '1', '', NULL, NULL),
(9, 'asdasdasddas', '1', '', NULL, NULL),
(10, 'asdasdasddas', '1', '', NULL, NULL),
(11, 'asdasdasddas', '1', '', NULL, NULL),
(12, 'asdasdasddas', '1', '', NULL, NULL),
(13, 'asdasdasddas', '1', '', NULL, NULL),
(14, 'asdasdasddas', '1', '', NULL, NULL),
(15, 'asdasdasddas', '1', '', NULL, NULL),
(16, 'asdasdasddas', '1', '', NULL, NULL),
(17, 'asdasdasddas', '1', '', NULL, NULL),
(18, 'asdasdasddas', '1', '', NULL, NULL),
(19, 'asdasdasddas', '1', '', NULL, NULL),
(20, 'asdasdasddas', '1', '', NULL, NULL),
(21, 'asdasdasddas', '1', '', NULL, NULL),
(22, 'asdasdasddas', '1', '', NULL, NULL),
(23, 'asdasdasddas', '1', '', NULL, NULL),
(24, 'asdasdasddas', '1', '', NULL, NULL),
(25, 'asdasdasddas', '1', '', NULL, NULL),
(26, 'asdasdasddas', '1', '', NULL, NULL),
(27, 'asdasdasddas', '1', '', NULL, NULL),
(28, 'asdasdasddas', '1', '', NULL, NULL),
(29, 'asdasdasddas', '1', '', NULL, NULL),
(30, 'asdasdasddas', '1', '', NULL, NULL),
(31, 'asdasdasddas', '1', '', NULL, NULL),
(32, 'asdasdasddas', '1', '', NULL, NULL),
(33, 'asdasdasddas', '1', '', NULL, NULL),
(34, 'asdasdasddas', '1', '', NULL, NULL),
(35, 'asdasdasddas', '1', '', NULL, NULL),
(36, 'asdasdasddas', '1', '', NULL, NULL),
(37, 'asdasdasddas', '1', '', NULL, NULL),
(38, 'asdasdasddas', '1', '', NULL, NULL),
(39, 'asdasdasddas', '1', '', NULL, NULL),
(40, 'asdasdasddas', '1', '', NULL, NULL),
(41, 'asdasdasddas', '1', '', NULL, NULL),
(42, 'asdasdasddas', '1', '', NULL, NULL),
(43, 'asdasdasddas', '1', '', NULL, NULL),
(44, 'asdasdasddas', '1', '', NULL, NULL),
(45, 'asdasdasddas', '1', '', NULL, NULL),
(46, 'asdasdasddas', '1', '', NULL, NULL),
(47, 'asdasdasddas', '1', '', NULL, NULL),
(48, 'asdasdasddas', '1', '', NULL, NULL),
(49, 'asdasdasddas', '1', '', NULL, NULL),
(50, 'asdasdasddas', '1', '', NULL, NULL),
(51, 'asdasdasddas', '1', '', NULL, NULL),
(52, 'asdasdasddas', '1', '', NULL, NULL),
(53, 'asdasdasddas', '1', '', NULL, NULL),
(54, 'asdasdasddas', '1', '', NULL, NULL),
(55, 'asdasdasddas', '1', '', NULL, NULL),
(56, 'asdasdasddas', '1', '', NULL, NULL),
(57, 'asdasdasddas', '1', '', NULL, NULL),
(58, 'asdasdasddas', '1', '', NULL, NULL),
(59, 'asdasdasddas', '1', '', NULL, NULL),
(60, 'asdasdasddas', '1', '', NULL, NULL),
(61, 'asdasdasddas', '1', '', NULL, NULL),
(62, 'asdasdasddas', '1', '', NULL, NULL),
(63, 'asdasdasddas', '1', '', NULL, NULL),
(64, 'asdasdasddas', '1', '', NULL, NULL),
(65, 'asdasdasddas', '1', '', NULL, NULL),
(66, 'asdasdasddas', '1', '', NULL, NULL),
(67, 'asdasdasddas', '1', '', NULL, NULL),
(68, 'asdasdasddas', '1', '', NULL, NULL),
(69, 'asdasdasddas', '1', '', NULL, NULL),
(70, 'asdasdasddas', '1', '', NULL, NULL),
(71, 'asdasdasddas', '1', '', NULL, NULL),
(72, 'asdasdasddas', '1', '', NULL, NULL),
(73, 'asdasdasddas', '1', '', NULL, NULL),
(74, 'asdasdasddas', '1', '', NULL, NULL),
(75, 'asdasdasddas', '1', '', NULL, NULL),
(76, 'asdasdasddas', '1', '', NULL, NULL),
(77, 'asdasdasddas', '1', '', NULL, NULL),
(78, 'asdasdasddas', '1', '', NULL, NULL),
(79, 'asdasdasddas', '1', '', NULL, NULL),
(80, 'asdasdasddas', '1', '', NULL, NULL),
(81, 'asdasdasddas', '1', '', NULL, NULL),
(82, 'asdasdasddas', '1', '', NULL, NULL),
(83, 'asdasdasddas', '1', '', NULL, NULL),
(84, 'asdasdasddas', '1', '', NULL, NULL),
(85, 'asdasdasddas', '1', '', NULL, NULL),
(86, 'asdasdasddas', '1', '', NULL, NULL),
(87, 'asdasdasddas', '1', '', NULL, NULL),
(88, 'asdasdasddas', '1', '', NULL, NULL),
(89, 'asdasdasddas', '1', '', NULL, NULL),
(90, 'asdasdasddas', '1', '', NULL, NULL),
(91, 'asdasdasddas', '1', '', NULL, NULL),
(92, 'asdasdasddas', '1', '', NULL, NULL),
(93, 'asdasdasddas', '1', '', NULL, NULL),
(94, 'asdasdasddas', '1', '', NULL, NULL),
(95, 'asdasdasddas', '1', '', NULL, NULL),
(96, 'asdasdasddas', '1', '', NULL, NULL),
(97, 'asdasdasddas', '1', '', NULL, NULL),
(98, 'asdasdasddas', '1', '', NULL, NULL),
(99, 'asdasdasddas', '1', '', NULL, NULL),
(100, 'asdasdasddas', '1', '', NULL, NULL),
(101, 'asdasdasddas', '1', '', NULL, NULL),
(102, 'asdasdasddas', '1', '', NULL, NULL),
(103, 'asdasdasddas', '1', '', NULL, NULL),
(104, 'asdasdasddas', '1', '', NULL, NULL),
(105, 'asdasdasddas', '1', '', NULL, NULL),
(106, 'asdasdasddas', '1', '', NULL, NULL),
(107, 'asdasdasddas', '1', '', NULL, NULL),
(108, 'asdasdasddas', '1', '', NULL, NULL),
(109, 'asdasdasddas', '1', '', NULL, NULL),
(110, 'asdasdasddas', '1', '', NULL, NULL),
(111, 'asdasdasddas', '1', '', NULL, NULL),
(112, 'asdasdasddas', '1', '', NULL, NULL),
(113, 'asdasdasddas', '1', '', NULL, NULL),
(114, 'asdasdasddas', '1', '', NULL, NULL),
(115, 'asdasdasddas', '1', '', NULL, NULL),
(116, 'asdasdasddas', '1', '', NULL, NULL),
(117, 'asdasdasddas', '1', '', NULL, NULL),
(118, 'asdasdasddas', '1', '', NULL, NULL),
(119, 'asdasdasddas', '1', '', NULL, NULL),
(120, 'asdasdasddas', '1', '', NULL, NULL),
(121, 'asdasdasddas', '1', '', NULL, NULL),
(122, 'asdasdasddas', '1', '', NULL, NULL),
(123, 'asdasdasddas', '1', '', NULL, NULL),
(124, 'asdasdasddas', '1', '', NULL, NULL),
(125, 'asdasdasddas', '1', '', NULL, NULL),
(126, 'asdasdasddas', '1', '', NULL, NULL),
(127, 'asdasdasddas', '1', '', NULL, NULL),
(128, 'asdasdasddas', '1', '', NULL, NULL),
(129, 'asdasdasddas', '1', '', NULL, NULL),
(130, 'asdasdasddas', '1', '', NULL, NULL),
(131, 'asdasdasddas', '1', '', NULL, NULL),
(132, 'asdasdasddas', '1', '', NULL, NULL),
(133, 'asdasdasddas', '1', '', NULL, NULL),
(134, 'asdasdasddas', '1', '', NULL, NULL),
(135, 'asdasdasddas', '1', '', NULL, NULL),
(136, 'asdasdasddas', '1', '', NULL, NULL),
(137, 'asdasdasddas', '1', '', NULL, NULL),
(138, 'asdasdasddas', '1', '', NULL, NULL),
(139, 'asdasdasddas', '1', '', NULL, NULL),
(140, 'asdasdasddas', '1', '', NULL, NULL),
(141, 'asdasdasddas', '1', '', NULL, NULL),
(142, 'asdasdasddas', '1', '', NULL, NULL),
(143, 'asdasdasddas', '1', '', NULL, NULL),
(144, 'asdasdasddas', '1', '', NULL, NULL),
(145, 'asdasdasddas', '1', '', NULL, NULL),
(146, 'asdasdasddas', '1', '', NULL, NULL),
(147, 'asdasdasddas', '1', '', NULL, NULL),
(148, 'asdasdasddas', '1', '', NULL, NULL),
(149, 'asdasdasddas', '1', '', NULL, NULL),
(150, 'asdasdasddas', '1', '', NULL, NULL),
(151, 'asdasdasddas', '1', '', NULL, NULL),
(152, 'asdasdasddas', '1', '', NULL, NULL),
(153, 'asdasdasddas', '1', '', NULL, NULL),
(154, 'asdasdasddas', '1', '', NULL, NULL),
(155, 'asdasdasddas', '1', '', NULL, NULL),
(156, 'asdasdasddas', '1', '', NULL, NULL),
(157, 'asdasdasddas', '1', '', NULL, NULL),
(158, 'asdasdasddas', '1', '', NULL, NULL),
(159, 'asdasdasddas', '1', '', NULL, NULL),
(160, 'asdasdasddas', '1', '', NULL, NULL),
(161, 'asdasdasddas', '1', '', NULL, NULL),
(162, 'asdasdasddas', '1', '', NULL, NULL),
(163, 'asdasdasddas', '1', '', NULL, NULL),
(164, 'asdasdasddas', '1', '', NULL, NULL),
(165, 'asdasdasddas', '1', '', NULL, NULL),
(166, 'asdasdasddas', '1', '', NULL, NULL),
(167, 'asdasdasddas', '1', '', NULL, NULL),
(168, 'asdasdasddas', '1', '', NULL, NULL),
(169, 'asdasdasddas', '1', '', NULL, NULL),
(170, 'asdasdasddas', '1', '', NULL, NULL),
(171, 'asdasdasddas', '1', '', NULL, NULL),
(172, 'asdasdasddas', '1', '', NULL, NULL),
(173, 'asdasdasddas', '1', '', NULL, NULL),
(174, 'asdasdasddas', '1', '', NULL, NULL),
(175, 'asdasdasddas', '1', '', NULL, NULL),
(176, 'asdasdasddas', '1', '', NULL, NULL),
(177, 'asdasdasddas', '1', '', NULL, NULL),
(178, 'asdasdasddas', '1', '', NULL, NULL),
(179, 'asdasdasddas', '1', '', NULL, NULL),
(180, 'asdasdasddas', '1', '', NULL, NULL),
(181, 'asdasdasddas', '1', '', NULL, NULL),
(182, 'asdasdasddas', '1', '', NULL, NULL),
(183, 'asdasdasddas', '1', '', NULL, NULL),
(184, 'asdasdasddas', '1', '', NULL, NULL),
(185, 'asdasdasddas', '1', '', NULL, NULL),
(186, 'asdasdasddas', '1', '', NULL, NULL),
(187, 'asdasdasddas', '1', '', NULL, NULL),
(188, 'asdasdasddas', '1', '', NULL, NULL),
(189, 'asdasdasddas', '1', '', NULL, NULL),
(190, 'asdasdasddas', '1', '', NULL, NULL),
(191, 'asdasdasddas', '1', '', NULL, NULL),
(192, 'asdasdasddas', '1', '', NULL, NULL),
(193, 'asdasdasddas', '1', '', NULL, NULL),
(194, 'asdasdasddas', '1', '', NULL, NULL),
(195, 'asdasdasddas', '1', '', NULL, NULL),
(196, 'asdasdasddas', '1', '', NULL, NULL),
(197, 'asdasdasddas', '1', '', NULL, NULL),
(198, 'asdasdasddas', '1', '', NULL, NULL),
(199, 'asdasdasddas', '1', '', NULL, NULL),
(200, 'asdasdasddas', '1', '', NULL, NULL),
(201, 'asdasdasddas', '1', '', NULL, NULL),
(202, 'asdasdasddas', '1', '', NULL, NULL),
(203, 'asdasdasddas', '1', '', NULL, NULL),
(204, 'asdasdasddas', '1', '', NULL, NULL),
(205, 'asdasdasddas', '1', '', NULL, NULL),
(206, 'asdasdasddas', '1', '', NULL, NULL),
(207, 'asdasdasddas', '1', '', NULL, NULL),
(208, 'asdasdasddas', '1', '', NULL, NULL),
(209, 'asdasdasddas', '1', '', NULL, NULL),
(210, 'asdasdasddas', '1', '', NULL, NULL),
(211, 'asdasdasddas', '1', '', NULL, NULL),
(212, 'asdasdasddas', '1', '', NULL, NULL),
(213, 'asdasdasddas', '1', '', NULL, NULL),
(214, 'asdasdasddas', '1', '', NULL, NULL),
(215, 'asdasdasddas', '1', '', NULL, NULL),
(216, 'asdasdasddas', '1', '', NULL, NULL),
(217, 'asdasdasddas', '1', '', NULL, NULL),
(218, 'asdasdasddas', '1', '', NULL, NULL),
(219, 'asdasdasddas', '1', '', NULL, NULL),
(220, 'asdasdasddas', '1', '', NULL, NULL),
(221, 'asdasdasddas', '1', '', NULL, NULL),
(222, 'asdasdasddas', '1', '', NULL, NULL),
(223, 'asdasdasddas', '1', '', NULL, NULL),
(224, 'asdasdasddas', '1', '', NULL, NULL),
(225, 'asdasdasddas', '1', '', NULL, NULL),
(226, 'asdasdasddas', '1', '', NULL, NULL),
(227, 'asdasdasddas', '1', '', NULL, NULL),
(228, 'asdasdasddas', '1', '', NULL, NULL),
(229, 'asdasdasddas', '1', '', NULL, NULL),
(230, 'asdasdasddas', '1', '', NULL, NULL),
(231, 'asdasdasddas', '1', '', NULL, NULL),
(232, 'asdasdasddas', '1', '', NULL, NULL),
(233, 'asdasdasddas', '1', '', NULL, NULL),
(234, 'asdasdasddas', '1', '', NULL, NULL),
(235, 'asdasdasddas', '1', '', NULL, NULL),
(236, 'asdasdasddas', '1', '', NULL, NULL),
(237, 'asdasdasddas', '1', '', NULL, NULL),
(238, 'asdasdasddas', '1', '', NULL, NULL),
(239, 'asdasdasddas', '1', '', NULL, NULL),
(240, 'asdasdasddas', '1', '', NULL, NULL),
(241, 'asdasdasddas', '1', '', NULL, NULL),
(242, 'asdasdasddas', '1', '', NULL, NULL),
(243, 'asdasdasddas', '1', '', NULL, NULL),
(244, 'asdasdasddas', '1', '', NULL, NULL),
(245, 'asdasdasddas', '1', '', NULL, NULL),
(246, 'asdasdasddas', '1', '', NULL, NULL),
(247, 'asdasdasddas', '1', '', NULL, NULL),
(248, 'asdasdasddas', '1', '', NULL, NULL),
(249, 'asdasdasddas', '1', '', NULL, NULL),
(250, 'asdasdasddas', '1', '', NULL, NULL),
(251, 'asdasdasddas', '1', '', NULL, NULL),
(252, 'asdasdasddas', '1', '', NULL, NULL),
(253, 'asdasdasddas', '1', '', NULL, NULL),
(254, 'asdasdasddas', '1', '', NULL, NULL),
(255, 'asdasdasddas', '1', '', NULL, NULL),
(256, 'asdasdasddas', '1', '', NULL, NULL),
(257, 'asdasdasddas', '1', '', NULL, NULL),
(258, 'asdasdasddas', '1', '', NULL, NULL),
(259, 'asdasdasddas', '1', '', NULL, NULL),
(260, 'asdasdasddas', '1', '', NULL, NULL),
(261, 'asdasdasddas', '1', '', NULL, NULL),
(262, 'asdasdasddas', '1', '', NULL, NULL),
(263, 'asdasdasddas', '1', '', NULL, NULL),
(264, 'asdasdasddas', '1', '', NULL, NULL),
(265, 'asdasdasddas', '1', '', NULL, NULL),
(266, 'asdasdasddas', '1', '', NULL, NULL),
(267, 'asdasdasddas', '1', '', NULL, NULL),
(268, 'asdasdasddas', '1', '', NULL, NULL),
(269, 'asdasdasddas', '1', '', NULL, NULL),
(270, 'asdasdasddas', '1', '', NULL, NULL),
(271, 'asdasdasddas', '1', '', NULL, NULL),
(272, 'asdasdasddas', '1', '', NULL, NULL),
(273, 'asdasdasddas', '1', '', NULL, NULL),
(274, 'asdasdasddas', '1', '', NULL, NULL),
(275, 'asdasdasddas', '1', '', NULL, NULL),
(276, 'asdasdasddas', '1', '', NULL, NULL),
(277, 'asdasdasddas', '1', '', NULL, NULL),
(278, 'asdasdasddas', '1', '', NULL, NULL),
(279, 'asdasdasddas', '1', '', NULL, NULL),
(280, 'asdasdasddas', '1', '', NULL, NULL),
(281, 'asdasdasddas', '1', '', NULL, NULL),
(282, 'asdasdasddas', '1', '', NULL, NULL),
(283, 'asdasdasddas', '1', '', NULL, NULL),
(284, 'asdasdasddas', '1', '', NULL, NULL),
(285, 'asdasdasddas', '1', '', NULL, NULL),
(286, 'asdasdasddas', '1', '', NULL, NULL),
(287, 'asdasdasddas', '1', '', NULL, NULL),
(288, 'asdasdasddas', '1', '', NULL, NULL),
(289, 'asdasdasddas', '1', '', NULL, NULL),
(290, 'asdasdasddas', '1', '', NULL, NULL),
(291, 'asdasdasddas', '1', '', NULL, NULL),
(292, 'asdasdasddas', '1', '', NULL, NULL),
(293, 'asdasdasddas', '1', '', NULL, NULL),
(294, 'asdasdasddas', '1', '', NULL, NULL),
(295, 'asdasdasddas', '1', '', NULL, NULL),
(296, 'asdasdasddas', '1', '', NULL, NULL),
(297, 'asdasdasddas', '1', '', NULL, NULL),
(298, 'asdasdasddas', '1', '', NULL, NULL),
(299, 'asdasdasddas', '1', '', NULL, NULL),
(300, 'asdasdasddas', '1', '', NULL, NULL),
(301, 'asdasdasddas', '1', '', NULL, NULL),
(302, 'asdasdasddas', '1', '', NULL, NULL),
(303, 'asdasdasddas', '1', '', NULL, NULL),
(304, 'asdasdasddas', '1', '', NULL, NULL),
(305, 'asdasdasddas', '1', '', NULL, NULL),
(306, 'asdasdasddas', '1', '', NULL, NULL),
(307, 'asdasdasddas', '1', '', NULL, NULL),
(308, 'asdasdasddas', '1', '', NULL, NULL),
(309, 'asdasdasddas', '1', '', NULL, NULL),
(310, 'asdasdasddas', '1', '', NULL, NULL),
(311, 'asdasdasddas', '1', '', NULL, NULL),
(312, 'asdasdasddas', '1', '', NULL, NULL),
(313, 'asdasdasddas', '1', '', NULL, NULL),
(314, 'asdasdasddas', '1', '', NULL, NULL),
(315, 'asdasdasddas', '1', '', NULL, NULL),
(316, 'asdasdasddas', '1', '', NULL, NULL),
(317, 'asdasdasddas', '1', '', NULL, NULL),
(318, 'asdasdasddas', '1', '', NULL, NULL),
(319, 'asdasdasddas', '1', '', NULL, NULL),
(320, 'asdasdasddas', '1', '', NULL, NULL),
(321, 'asdasdasddas', '1', '', NULL, NULL),
(322, 'asdasdasddas', '1', '', NULL, NULL),
(323, 'asdasdasddas', '1', '', NULL, NULL),
(324, 'asdasdasddas', '1', '', NULL, NULL),
(325, 'asdasdasddas', '1', '', NULL, NULL),
(326, 'asdasdasddas', '1', '', NULL, NULL),
(327, 'asdasdasddas', '1', '', NULL, NULL),
(328, 'asdasdasddas', '1', '', NULL, NULL),
(329, 'asdasdasddas', '1', '', NULL, NULL),
(330, 'asdasdasddas', '1', '', NULL, NULL),
(331, 'asdasdasddas', '1', '', NULL, NULL),
(332, 'asdasdasddas', '1', '', NULL, NULL),
(333, 'asdasdasddas', '1', '', NULL, NULL),
(334, 'asdasdasddas', '1', '', NULL, NULL),
(335, 'asdasdasddas', '1', '', NULL, NULL),
(336, 'asdasdasddas', '1', '', NULL, NULL),
(337, 'asdasdasddas', '1', '', NULL, NULL),
(338, 'asdasdasddas', '1', '', NULL, NULL),
(339, 'asdasdasddas', '1', '', NULL, NULL),
(340, 'asdasdasddas', '1', '', NULL, NULL),
(341, 'asdasdasddas', '1', '', NULL, NULL),
(342, 'asdasdasddas', '1', '', NULL, NULL),
(343, 'asdasdasddas', '1', '', NULL, NULL),
(344, 'asdasdasddas', '1', '', NULL, NULL),
(345, 'asdasdasddas', '1', '', NULL, NULL),
(346, 'asdasdasddas', '1', '', NULL, NULL),
(347, 'asdasdasddas', '1', '', NULL, NULL),
(348, 'asdasdasddas', '1', '', NULL, NULL),
(349, 'asdasdasddas', '1', '', NULL, NULL),
(350, 'asdasdasddas', '1', '', NULL, NULL),
(351, 'asdasdasddas', '1', '', NULL, NULL),
(352, 'asdasdasddas', '1', '', NULL, NULL),
(353, 'asdasdasddas', '1', '', NULL, NULL),
(354, 'asdasdasddas', '1', '', NULL, NULL),
(355, 'asdasdasddas', '1', '', NULL, NULL),
(356, 'asdasdasddas', '1', '', NULL, NULL),
(357, 'asdasdasddas', '1', '', NULL, NULL),
(358, 'asdasdasddas', '1', '', NULL, NULL),
(359, 'asdasdasddas', '1', '', NULL, NULL),
(360, 'asdasdasddas', '1', '', NULL, NULL),
(361, 'asdasdasddas', '1', '', NULL, NULL),
(362, 'asdasdasddas', '1', '', NULL, NULL),
(363, 'asdasdasddas', '1', '', NULL, NULL),
(364, 'asdasdasddas', '1', '', NULL, NULL),
(365, 'asdasdasddas', '1', '', NULL, NULL),
(366, 'asdasdasddas', '1', '', NULL, NULL),
(367, 'asdasdasddas', '1', '', NULL, NULL),
(368, 'asdasdasddas', '1', '', NULL, NULL),
(369, 'asdasdasddas', '1', '', NULL, NULL),
(370, 'asdasdasddas', '1', '', NULL, NULL),
(371, 'asdasdasddas', '1', '', NULL, NULL),
(372, 'asdasdasddas', '1', '', NULL, NULL),
(373, 'asdasdasddas', '1', '', NULL, NULL),
(374, 'asdasdasddas', '1', '', NULL, NULL),
(375, 'asdasdasddas', '1', '', NULL, NULL),
(376, 'asdasdasddas', '1', '', NULL, NULL),
(377, 'asdasdasddas', '1', '', NULL, NULL),
(378, 'asdasdasddas', '1', '', NULL, NULL),
(379, 'asdasdasddas', '1', '', NULL, NULL),
(380, 'asdasdasddas', '1', '', NULL, NULL),
(381, 'asdasdasddas', '1', '', NULL, NULL),
(382, 'asdasdasddas', '1', '', NULL, NULL),
(383, 'asdasdasddas', '1', '', NULL, NULL),
(384, 'asdasdasddas', '1', '', NULL, NULL),
(385, 'asdasdasddas', '1', '', NULL, NULL),
(386, 'asdasdasddas', '1', '', NULL, NULL),
(387, 'asdasdasddas', '1', '', NULL, NULL),
(388, 'asdasdasddas', '1', '', NULL, NULL),
(389, 'asdasdasddas', '1', '', NULL, NULL),
(390, 'asdasdasddas', '1', '', NULL, NULL),
(391, 'asdasdasddas', '1', '', NULL, NULL),
(392, 'asdasdasddas', '1', '', NULL, NULL),
(393, 'asdasdasddas', '1', '', NULL, NULL),
(394, 'asdasdasddas', '1', '', NULL, NULL),
(395, 'asdasdasddas', '1', '', NULL, NULL),
(396, 'asdasdasddas', '1', '', NULL, NULL),
(397, 'asdasdasddas', '1', '', NULL, NULL),
(398, 'asdasdasddas', '1', '', NULL, NULL),
(399, 'asdasdasddas', '1', '', NULL, NULL),
(400, 'asdasdasddas', '1', '', NULL, NULL),
(401, 'asdasdasddas', '1', '', NULL, NULL),
(402, 'asdasdasddas', '1', '', NULL, NULL),
(403, 'asdasdasddas', '1', '', NULL, NULL),
(404, 'asdasdasddas', '1', '', NULL, NULL),
(405, 'asdasdasddas', '1', '', NULL, NULL),
(406, 'asdasdasddas', '1', '', NULL, NULL),
(407, 'asdasdasddas', '1', '', NULL, NULL),
(408, 'asdasdasddas', '1', '', NULL, NULL),
(409, 'asdasdasddas', '1', '', NULL, NULL),
(410, 'asdasdasddas', '1', '', NULL, NULL),
(411, 'asdasdasddas', '1', '', NULL, NULL),
(412, 'asdasdasddas', '1', '', NULL, NULL),
(413, 'asdasdasddas', '1', '', NULL, NULL),
(414, 'asdasdasddas', '1', '', NULL, NULL),
(415, 'asdasdasddas', '1', '', NULL, NULL),
(416, 'asdasdasddas', '1', '', NULL, NULL),
(417, 'asdasdasddas', '1', '', NULL, NULL),
(418, 'asdasdasddas', '1', '', NULL, NULL),
(419, 'asdasdasddas', '1', '', NULL, NULL),
(420, 'asdasdasddas', '1', '', NULL, NULL),
(421, 'asdasdasddas', '1', '', NULL, NULL),
(422, 'asdasdasddas', '1', '', NULL, NULL),
(423, 'asdasdasddas', '1', '', NULL, NULL),
(424, 'asdasdasddas', '1', '', NULL, NULL),
(425, 'asdasdasddas', '1', '', NULL, NULL),
(426, 'asdasdasddas', '1', '', NULL, NULL),
(427, 'asdasdasddas', '1', '', NULL, NULL),
(428, 'asdasdasddas', '1', '', NULL, NULL),
(429, 'asdasdasddas', '1', '', NULL, NULL),
(430, 'asdasdasddas', '1', '', NULL, NULL),
(431, 'asdasdasddas', '1', '', NULL, NULL),
(432, 'asdasdasddas', '1', '', NULL, NULL),
(433, 'asdasdasddas', '1', '', NULL, NULL),
(434, 'asdasdasddas', '1', '', NULL, NULL),
(435, 'asdasdasddas', '1', '', NULL, NULL),
(436, 'asdasdasddas', '1', '', NULL, NULL),
(437, 'asdasdasddas', '1', '', NULL, NULL),
(438, 'asdasdasddas', '1', '', NULL, NULL),
(439, 'asdasdasddas', '1', '', NULL, NULL),
(440, 'asdasdasddas', '1', '', NULL, NULL),
(441, 'asdasdasddas', '1', '', NULL, NULL),
(442, 'asdasdasddas', '1', '', NULL, NULL),
(443, 'asdasdasddas', '1', '', NULL, NULL),
(444, 'asdasdasddas', '1', '', NULL, NULL),
(445, 'asdasdasddas', '1', '', NULL, NULL),
(446, 'asdasdasddas', '1', '', NULL, NULL),
(447, 'asdasdasddas', '1', '', NULL, NULL),
(448, 'asdasdasddas', '1', '', NULL, NULL),
(449, 'asdasdasddas', '1', '', NULL, NULL),
(450, 'asdasdasddas', '1', '', NULL, NULL),
(451, 'asdasdasddas', '1', '', NULL, NULL),
(452, 'asdasdasddas', '1', '', NULL, NULL),
(453, 'asdasdasddas', '1', '', NULL, NULL),
(454, 'asdasdasddas', '1', '', NULL, NULL),
(455, 'asdasdasddas', '1', '', NULL, NULL),
(456, 'asdasdasddas', '1', '', NULL, NULL),
(457, 'asdasdasddas', '1', '', NULL, NULL),
(458, 'asdasdasddas', '1', '', NULL, NULL),
(459, 'asdasdasddas', '1', '', NULL, NULL),
(460, 'asdasdasddas', '1', '', NULL, NULL),
(461, 'asdasdasddas', '1', '', NULL, NULL),
(462, 'asdasdasddas', '1', '', NULL, NULL),
(463, 'asdasdasddas', '1', '', NULL, NULL),
(464, 'asdasdasddas', '1', '', NULL, NULL),
(465, 'asdasdasddas', '1', '', NULL, NULL),
(466, 'asdasdasddas', '1', '', NULL, NULL),
(467, 'asdasdasddas', '1', '', NULL, NULL),
(468, 'asdasdasddas', '1', '', NULL, NULL),
(469, 'asdasdasddas', '1', '', NULL, NULL),
(470, 'asdasdasddas', '1', '', NULL, NULL),
(471, 'asdasdasddas', '1', '', NULL, NULL),
(472, 'asdasdasddas', '1', '', NULL, NULL),
(473, 'asdasdasddas', '1', '', NULL, NULL),
(474, 'asdasdasddas', '1', '', NULL, NULL),
(475, 'asdasdasddas', '1', '', NULL, NULL),
(476, 'asdasdasddas', '1', '', NULL, NULL),
(477, 'asdasdasddas', '1', '', NULL, NULL),
(478, 'asdasdasddas', '1', '', NULL, NULL),
(479, 'asdasdasddas', '1', '', NULL, NULL),
(480, 'asdasdasddas', '1', '', NULL, NULL),
(481, 'asdasdasddas', '1', '', NULL, NULL),
(482, 'asdasdasddas', '1', '', NULL, NULL),
(483, 'asdasdasddas', '1', '', NULL, NULL),
(484, 'asdasdasddas', '1', '', NULL, NULL),
(485, 'asdasdasddas', '1', '', NULL, NULL),
(486, 'asdasdasddas', '1', '', NULL, NULL),
(487, 'asdasdasddas', '1', '', NULL, NULL),
(488, 'asdasdasddas', '1', '', NULL, NULL),
(489, 'asdasdasddas', '1', '', NULL, NULL),
(490, 'asdasdasddas', '1', '', NULL, NULL),
(491, 'asdasdasddas', '1', '', NULL, NULL),
(492, 'asdasdasddas', '1', '', NULL, NULL),
(493, 'asdasdasddas', '1', '', NULL, NULL),
(494, 'asdasdasddas', '1', '', NULL, NULL),
(495, 'asdasdasddas', '1', '', NULL, NULL),
(496, 'asdasdasddas', '1', '', NULL, NULL),
(497, 'asdasdasddas', '1', '', NULL, NULL),
(498, 'asdasdasddas', '1', '', NULL, NULL),
(499, 'asdasdasddas', '1', '', NULL, NULL),
(500, 'asdasdasddas', '1', '', NULL, NULL),
(501, 'asdasdasddas', '1', '', NULL, NULL),
(502, 'asdasdasddas', '1', '', NULL, NULL),
(503, 'asdasdasddas', '1', '', NULL, NULL),
(504, 'asdasdasddas', '1', '', NULL, NULL),
(505, 'asdasdasddas', '1', '', NULL, NULL),
(506, 'asdasdasddas', '1', '', NULL, NULL),
(507, 'asdasdasddas', '1', '', NULL, NULL),
(508, 'asdasdasddas', '1', '', NULL, NULL),
(509, 'asdasdasddas', '1', '', NULL, NULL),
(510, 'asdasdasddas', '1', '', NULL, NULL),
(511, 'asdasdasddas', '1', '', NULL, NULL),
(512, 'asdasdasddas', '1', '', NULL, NULL),
(513, 'asdasdasddas', '1', '', NULL, NULL),
(514, 'asdasdasddas', '1', '', NULL, NULL),
(515, 'asdasdasddas', '1', '', NULL, NULL),
(516, 'asdasdasddas', '1', '', NULL, NULL),
(517, 'asdasdasddas', '1', '', NULL, NULL),
(518, 'asdasdasddas', '1', '', NULL, NULL),
(519, 'asdasdasddas', '1', '', NULL, NULL),
(520, 'asdasdasddas', '1', '', NULL, NULL),
(521, 'asdasdasddas', '1', '', NULL, NULL),
(522, 'asdasdasddas', '1', '', NULL, NULL),
(523, 'asdasdasddas', '1', '', NULL, NULL),
(524, 'asdasdasddas', '1', '', NULL, NULL),
(525, 'asdasdasddas', '1', '', NULL, NULL),
(526, 'asdasdasddas', '1', '', NULL, NULL),
(527, 'asdasdasddas', '1', '', NULL, NULL),
(528, 'asdasdasddas', '1', '', NULL, NULL),
(529, 'asdasdasddas', '1', '', NULL, NULL),
(530, 'asdasdasddas', '1', '', NULL, NULL),
(531, 'asdasdasddas', '1', '', NULL, NULL),
(532, 'asdasdasddas', '1', '', NULL, NULL),
(533, 'asdasdasddas', '1', '', NULL, NULL),
(534, 'asdasdasddas', '1', '', NULL, NULL),
(535, 'asdasdasddas', '1', '', NULL, NULL),
(536, 'asdasdasddas', '1', '', NULL, NULL),
(537, 'asdasdasddas', '1', '', NULL, NULL),
(538, 'asdasdasddas', '1', '', NULL, NULL),
(539, 'asdasdasddas', '1', '', NULL, NULL),
(540, 'asdasdasddas', '1', '', NULL, NULL),
(541, 'asdasdasddas', '1', '', NULL, NULL),
(542, 'asdasdasddas', '1', '', NULL, NULL),
(543, 'asdasdasddas', '1', '', NULL, NULL),
(544, 'asdasdasddas', '1', '', NULL, NULL),
(545, 'asdasdasddas', '1', '', NULL, NULL),
(546, 'asdasdasddas', '1', '', NULL, NULL),
(547, 'asdasdasddas', '1', '', NULL, NULL),
(548, 'asdasdasddas', '1', '', NULL, NULL),
(549, 'asdasdasddas', '1', '', NULL, NULL),
(550, 'asdasdasddas', '1', '', NULL, NULL),
(551, 'asdasdasddas', '1', '', NULL, NULL),
(552, 'asdasdasddas', '1', '', NULL, NULL),
(553, 'asdasdasddas', '1', '', NULL, NULL),
(554, 'asdasdasddas', '1', '', NULL, NULL),
(555, 'asdasdasddas', '1', '', NULL, NULL),
(556, 'asdasdasddas', '1', '', NULL, NULL),
(557, 'asdasdasddas', '1', '', NULL, NULL),
(558, 'asdasdasddas', '1', '', NULL, NULL),
(559, 'asdasdasddas', '1', '', NULL, NULL),
(560, 'asdasdasddas', '1', '', NULL, NULL),
(561, 'asdasdasddas', '1', '', NULL, NULL),
(562, 'asdasdasddas', '1', '', NULL, NULL),
(563, 'asdasdasddas', '1', '', NULL, NULL),
(564, 'asdasdasddas', '1', '', NULL, NULL),
(565, 'asdasdasddas', '1', '', NULL, NULL),
(566, 'asdasdasddas', '1', '', NULL, NULL),
(567, 'asdasdasddas', '1', '', NULL, NULL),
(568, 'asdasdasddas', '1', '', NULL, NULL),
(569, 'asdasdasddas', '1', '', NULL, NULL),
(570, 'asdasdasddas', '1', '', NULL, NULL),
(571, 'asdasdasddas', '1', '', NULL, NULL),
(572, 'asdasdasddas', '1', '', NULL, NULL),
(573, 'asdasdasddas', '1', '', NULL, NULL),
(574, 'asdasdasddas', '1', '', NULL, NULL),
(575, 'asdasdasddas', '1', '', NULL, NULL),
(576, 'asdasdasddas', '1', '', NULL, NULL),
(577, 'asdasdasddas', '1', '', NULL, NULL),
(578, 'asdasdasddas', '1', '', NULL, NULL),
(579, 'asdasdasddas', '1', '', NULL, NULL),
(580, 'asdasdasddas', '1', '', NULL, NULL),
(581, 'asdasdasddas', '1', '', NULL, NULL),
(582, 'asdasdasddas', '1', '', NULL, NULL),
(583, 'asdasdasddas', '1', '', NULL, NULL),
(584, 'asdasdasddas', '1', '', NULL, NULL),
(585, 'asdasdasddas', '1', '', NULL, NULL),
(586, 'asdasdasddas', '1', '', NULL, NULL),
(587, 'asdasdasddas', '1', '', NULL, NULL),
(588, 'asdasdasddas', '1', '', NULL, NULL),
(589, 'asdasdasddas', '1', '', NULL, NULL),
(590, 'asdasdasddas', '1', '', NULL, NULL),
(591, 'asdasdasddas', '1', '', NULL, NULL),
(592, 'asdasdasddas', '1', '', NULL, NULL),
(593, 'asdasdasddas', '1', '', NULL, NULL),
(594, 'asdasdasddas', '1', '', NULL, NULL),
(595, 'asdasdasddas', '1', '', NULL, NULL),
(596, 'asdasdasddas', '1', '', NULL, NULL),
(597, 'asdasdasddas', '1', '', NULL, NULL),
(598, 'asdasdasddas', '1', '', NULL, NULL),
(599, 'asdasdasddas', '1', '', NULL, NULL),
(600, 'asdasdasddas', '1', '', NULL, NULL),
(601, 'asdasdasddas', '1', '', NULL, NULL),
(602, 'asdasdasddas', '1', '', NULL, NULL),
(603, 'asdasdasddas', '1', '', NULL, NULL),
(604, 'asdasdasddas', '1', '', NULL, NULL),
(605, 'asdasdasddas', '1', '', NULL, NULL),
(606, 'asdasdasddas', '1', '', NULL, NULL),
(607, 'asdasdasddas', '1', '', NULL, NULL),
(608, 'asdasdasddas', '1', '', NULL, NULL),
(609, 'asdasdasddas', '1', '', NULL, NULL),
(610, 'asdasdasddas', '1', '', NULL, NULL),
(611, 'asdasdasddas', '1', '', NULL, NULL),
(612, 'asdasdasddas', '1', '', NULL, NULL),
(613, 'asdasdasddas', '1', '', NULL, NULL),
(614, 'asdasdasddas', '1', '', NULL, NULL),
(615, 'asdasdasddas', '1', '', NULL, NULL),
(616, 'asdasdasddas', '1', '', NULL, NULL),
(617, 'asdasdasddas', '1', '', NULL, NULL),
(618, 'asdasdasddas', '1', '', NULL, NULL),
(619, 'asdasdasddas', '1', '', NULL, NULL),
(620, 'asdasdasddas', '1', '', NULL, NULL),
(621, 'asdasdasddas', '1', '', NULL, NULL),
(622, 'asdasdasddas', '1', '', NULL, NULL),
(623, 'asdasdasddas', '1', '', NULL, NULL),
(624, 'asdasdasddas', '1', '', NULL, NULL),
(625, 'asdasdasddas', '1', '', NULL, NULL),
(626, 'asdasdasddas', '1', '', NULL, NULL),
(627, 'asdasdasddas', '1', '', NULL, NULL),
(628, 'asdasdasddas', '1', '', NULL, NULL),
(629, 'asdasdasddas', '1', '', NULL, NULL),
(630, 'asdasdasddas', '1', '', NULL, NULL),
(631, 'asdasdasddas', '1', '', NULL, NULL),
(632, 'asdasdasddas', '1', '', NULL, NULL),
(633, 'asdasdasddas', '1', '', NULL, NULL),
(634, 'asdasdasddas', '1', '', NULL, NULL),
(635, 'asdasdasddas', '1', '', NULL, NULL),
(636, 'asdasdasddas', '1', '', NULL, NULL),
(637, 'asdasdasddas', '1', '', NULL, NULL),
(638, 'asdasdasddas', '1', '', NULL, NULL),
(639, 'asdasdasddas', '1', '', NULL, NULL),
(640, 'asdasdasddas', '1', '', NULL, NULL),
(641, 'asdasdasddas', '1', '', NULL, NULL),
(642, 'asdasdasddas', '1', '', NULL, NULL),
(643, 'asdasdasddas', '1', '', NULL, NULL),
(644, 'asdasdasddas', '1', '', NULL, NULL),
(645, 'asdasdasddas', '1', '', NULL, NULL),
(646, 'asdasdasddas', '1', '', NULL, NULL),
(647, 'asdasdasddas', '1', '', NULL, NULL),
(648, 'asdasdasddas', '1', '', NULL, NULL),
(649, 'asdasdasddas', '1', '', NULL, NULL),
(650, 'asdasdasddas', '1', '', NULL, NULL),
(651, 'asdasdasddas', '1', '', NULL, NULL),
(652, 'asdasdasddas', '1', '', NULL, NULL),
(653, 'asdasdasddas', '1', '', NULL, NULL),
(654, 'asdasdasddas', '1', '', NULL, NULL),
(655, 'asdasdasddas', '1', '', NULL, NULL),
(656, 'asdasdasddas', '1', '', NULL, NULL),
(657, 'asdasdasddas', '1', '', NULL, NULL),
(658, 'asdasdasddas', '1', '', NULL, NULL),
(659, 'asdasdasddas', '1', '', NULL, NULL),
(660, 'asdasdasddas', '1', '', NULL, NULL),
(661, 'asdasdasddas', '1', '', NULL, NULL),
(662, 'asdasdasddas', '1', '', NULL, NULL),
(663, 'asdasdasddas', '1', '', NULL, NULL),
(664, 'asdasdasddas', '1', '', NULL, NULL),
(665, 'asdasdasddas', '1', '', NULL, NULL),
(666, 'asdasdasddas', '1', '', NULL, NULL),
(667, 'asdasdasddas', '1', '', NULL, NULL),
(668, 'asdasdasddas', '1', '', NULL, NULL),
(669, 'asdasdasddas', '1', '', NULL, NULL),
(670, 'asdasdasddas', '1', '', NULL, NULL),
(671, 'asdasdasddas', '1', '', NULL, NULL),
(672, 'asdasdasddas', '1', '', NULL, NULL),
(673, 'asdasdasddas', '1', '', NULL, NULL),
(674, 'asdasdasddas', '1', '', NULL, NULL),
(675, 'asdasdasddas', '1', '', NULL, NULL),
(676, 'asdasdasddas', '1', '', NULL, NULL),
(677, 'asdasdasddas', '1', '', NULL, NULL),
(678, 'asdasdasddas', '1', '', NULL, NULL),
(679, 'asdasdasddas', '1', '', NULL, NULL),
(680, 'asdasdasddas', '1', '', NULL, NULL),
(681, 'asdasdasddas', '1', '', NULL, NULL),
(682, 'asdasdasddas', '1', '', NULL, NULL),
(683, 'asdasdasddas', '1', '', NULL, NULL),
(684, 'asdasdasddas', '1', '', NULL, NULL),
(685, 'asdasdasddas', '1', '', NULL, NULL),
(686, 'asdasdasddas', '1', '', NULL, NULL),
(687, 'asdasdasddas', '1', '', NULL, NULL),
(688, 'asdasdasddas', '1', '', NULL, NULL),
(689, 'asdasdasddas', '1', '', NULL, NULL),
(690, 'asdasdasddas', '1', '', NULL, NULL),
(691, 'asdasdasddas', '1', '', NULL, NULL),
(692, 'asdasdasddas', '1', '', NULL, NULL),
(693, 'asdasdasddas', '1', '', NULL, NULL),
(694, 'asdasdasddas', '1', '', NULL, NULL),
(695, 'asdasdasddas', '1', '', NULL, NULL),
(696, 'asdasdasddas', '1', '', NULL, NULL),
(697, 'asdasdasddas', '1', '', NULL, NULL),
(698, 'asdasdasddas', '1', '', NULL, NULL),
(699, 'asdasdasddas', '1', '', NULL, NULL),
(700, 'asdasdasddas', '1', '', NULL, NULL),
(701, 'asdasdasddas', '1', '', NULL, NULL),
(702, 'asdasdasddas', '1', '', NULL, NULL),
(703, 'asdasdasddas', '1', '', NULL, NULL),
(704, 'asdasdasddas', '1', '', NULL, NULL),
(705, 'asdasdasddas', '1', '', NULL, NULL),
(706, 'asdasdasddas', '1', '', NULL, NULL),
(707, 'asdasdasddas', '1', '', NULL, NULL),
(708, 'asdasdasddas', '1', '', NULL, NULL),
(709, 'asdasdasddas', '1', '', NULL, NULL),
(710, 'asdasdasddas', '1', '', NULL, NULL),
(711, 'asdasdasddas', '1', '', NULL, NULL),
(712, 'asdasdasddas', '1', '', NULL, NULL),
(713, 'asdasdasddas', '1', '', NULL, NULL),
(714, 'asdasdasddas', '1', '', NULL, NULL),
(715, 'asdasdasddas', '1', '', NULL, NULL),
(716, 'asdasdasddas', '1', '', NULL, NULL),
(717, 'asdasdasddas', '1', '', NULL, NULL),
(718, 'asdasdasddas', '1', '', NULL, NULL),
(719, 'asdasdasddas', '1', '', NULL, NULL),
(720, 'asdasdasddas', '1', '', NULL, NULL),
(721, 'asdasdasddas', '1', '', NULL, NULL),
(722, 'asdasdasddas', '1', '', NULL, NULL),
(723, 'asdasdasddas', '1', '', NULL, NULL),
(724, 'asdasdasddas', '1', '', NULL, NULL),
(725, 'asdasdasddas', '1', '', NULL, NULL),
(726, 'asdasdasddas', '1', '', NULL, NULL),
(727, 'asdasdasddas', '1', '', NULL, NULL),
(728, 'asdasdasddas', '1', '', NULL, NULL),
(729, 'asdasdasddas', '1', '', NULL, NULL),
(730, 'asdasdasddas', '1', '', NULL, NULL),
(731, 'asdasdasddas', '1', '', NULL, NULL),
(732, 'asdasdasddas', '1', '', NULL, NULL),
(733, 'asdasdasddas', '1', '', NULL, NULL),
(734, 'asdasdasddas', '1', '', NULL, NULL),
(735, 'asdasdasddas', '1', '', NULL, NULL),
(736, 'asdasdasddas', '1', '', NULL, NULL),
(737, 'asdasdasddas', '1', '', NULL, NULL),
(738, 'asdasdasddas', '1', '', NULL, NULL),
(739, 'asdasdasddas', '1', '', NULL, NULL),
(740, 'asdasdasddas', '1', '', NULL, NULL),
(741, 'asdasdasddas', '1', '', NULL, NULL),
(742, 'asdasdasddas', '1', '', NULL, NULL),
(743, 'asdasdasddas', '1', '', NULL, NULL),
(744, 'asdasdasddas', '1', '', NULL, NULL),
(745, 'asdasdasddas', '1', '', NULL, NULL),
(746, 'asdasdasddas', '1', '', NULL, NULL),
(747, 'asdasdasddas', '1', '', NULL, NULL),
(748, 'asdasdasddas', '1', '', NULL, NULL),
(749, 'asdasdasddas', '1', '', NULL, NULL),
(750, 'asdasdasddas', '1', '', NULL, NULL),
(751, 'asdasdasddas', '1', '', NULL, NULL),
(752, 'asdasasdasd', '8', '', NULL, NULL),
(753, 'asdasdsad', '7', '', NULL, NULL),
(754, 'Circular Saw', '5', '', NULL, NULL),
(755, 'asdsdadas', '4', '', NULL, NULL),
(756, 'asdasddas', '6', '', NULL, NULL),
(757, 'fcm', '10', '', NULL, NULL),
(758, 'asdasdsad', '7', '', NULL, NULL),
(759, 'eliseolim', '21', '', NULL, NULL),
(760, 'resty cailao', '20', '', NULL, NULL),
(761, 'Circular Saw', '12', '', NULL, NULL),
(762, 'asdsadasd', '9', '', NULL, NULL),
(763, 'asdasdsad', '7', '', NULL, NULL),
(764, 'saddasdsa', '11', '', NULL, NULL),
(765, 'fcm', '13', '', NULL, NULL),
(766, 'Circular Saw', '14', '', '2025-04-12', '2025-03-12');

-- --------------------------------------------------------

--
-- Table structure for table `users`
--

CREATE TABLE `users` (
  `id` int(11) NOT NULL,
  `username` varchar(50) NOT NULL,
  `password` varchar(255) NOT NULL,
  `role` enum('user','admin') DEFAULT 'user',
  `created_at` timestamp NOT NULL DEFAULT current_timestamp()
) ENGINE=InnoDB DEFAULT CHARSET=utf8mb4 COLLATE=utf8mb4_general_ci;

--
-- Dumping data for table `users`
--

INSERT INTO `users` (`id`, `username`, `password`, `role`, `created_at`) VALUES
(1, 'gwynbarte', '$2y$10$z4TLiitqiZbMEFrLXn5sa.Jd7aHyAml96jKRJ2rulqXp2ggea905S', 'user', '2025-03-03 17:24:31'),
(2, 'admin', '$2y$10$hzl/Hzpgeql7zs8jGRKBfOd1HfZgtw9NlyyzIUkQ3N9w5FtGsq.hq', 'admin', '2025-03-03 17:57:25'),
(3, 'johndoe', '$2y$10$dVJ7XdOhjVooFQck5KNV.OwsLcTa4i8oXwVgLbdw6hBXVIFV.hYt.', 'user', '2025-03-05 14:29:44'),
(4, 'resty', '$2y$10$oumnGv3eVEjPIhJkJRFYQ.cZTn.KHWc0VSbDqQZs2sqpYzbkE318C', 'user', '2025-03-06 05:39:44');

--
-- Indexes for dumped tables
--

--
-- Indexes for table `maintenance_requests`
--
ALTER TABLE `maintenance_requests`
  ADD PRIMARY KEY (`id`),
  ADD KEY `tenant_id` (`tenant_id`);

--
-- Indexes for table `payments`
--
ALTER TABLE `payments`
  ADD PRIMARY KEY (`id`),
  ADD KEY `tenant_id` (`tenant_id`);

--
-- Indexes for table `rooms`
--
ALTER TABLE `rooms`
  ADD PRIMARY KEY (`id`),
  ADD UNIQUE KEY `room_number` (`room_number`);

--
-- Indexes for table `room_requests`
--
ALTER TABLE `room_requests`
  ADD PRIMARY KEY (`id`),
  ADD KEY `user_id` (`user_id`),
  ADD KEY `room_id` (`room_id`);

--
-- Indexes for table `tenants`
--
ALTER TABLE `tenants`
  ADD PRIMARY KEY (`id`);

--
-- Indexes for table `users`
--
ALTER TABLE `users`
  ADD PRIMARY KEY (`id`),
  ADD UNIQUE KEY `username` (`username`);

--
-- AUTO_INCREMENT for dumped tables
--

--
-- AUTO_INCREMENT for table `maintenance_requests`
--
ALTER TABLE `maintenance_requests`
  MODIFY `id` int(11) NOT NULL AUTO_INCREMENT, AUTO_INCREMENT=9;

--
-- AUTO_INCREMENT for table `payments`
--
ALTER TABLE `payments`
  MODIFY `id` int(11) NOT NULL AUTO_INCREMENT, AUTO_INCREMENT=764;

--
-- AUTO_INCREMENT for table `rooms`
--
ALTER TABLE `rooms`
  MODIFY `id` int(11) NOT NULL AUTO_INCREMENT, AUTO_INCREMENT=23;

--
-- AUTO_INCREMENT for table `room_requests`
--
ALTER TABLE `room_requests`
  MODIFY `id` int(11) NOT NULL AUTO_INCREMENT, AUTO_INCREMENT=24;

--
-- AUTO_INCREMENT for table `tenants`
--
ALTER TABLE `tenants`
  MODIFY `id` int(11) NOT NULL AUTO_INCREMENT, AUTO_INCREMENT=767;

--
-- AUTO_INCREMENT for table `users`
--
ALTER TABLE `users`
  MODIFY `id` int(11) NOT NULL AUTO_INCREMENT, AUTO_INCREMENT=5;

--
-- Constraints for dumped tables
--

--
-- Constraints for table `maintenance_requests`
--
ALTER TABLE `maintenance_requests`
  ADD CONSTRAINT `maintenance_requests_ibfk_1` FOREIGN KEY (`tenant_id`) REFERENCES `tenants` (`id`);

--
-- Constraints for table `payments`
--
ALTER TABLE `payments`
  ADD CONSTRAINT `payments_ibfk_1` FOREIGN KEY (`tenant_id`) REFERENCES `tenants` (`id`);

--
-- Constraints for table `room_requests`
--
ALTER TABLE `room_requests`
  ADD CONSTRAINT `room_requests_ibfk_1` FOREIGN KEY (`user_id`) REFERENCES `users` (`id`),
  ADD CONSTRAINT `room_requests_ibfk_2` FOREIGN KEY (`room_id`) REFERENCES `rooms` (`id`);
COMMIT;

/*!40101 SET CHARACTER_SET_CLIENT=@OLD_CHARACTER_SET_CLIENT */;
/*!40101 SET CHARACTER_SET_RESULTS=@OLD_CHARACTER_SET_RESULTS */;
/*!40101 SET COLLATION_CONNECTION=@OLD_COLLATION_CONNECTION */;
